Product URL,Force browser,Suggested Vendor,Suggested Category,Suggested Collection,Suggested Variant profile,Vendor,Product category,Variant profile,Collection,Shopify Category,Title,Description,Product image URL,Competitor price,Competitor currency,Sizes,Colors,Scraped variants,Price,SKU,Inventory quantity,Approve,Prompt Title,Prompt Description,Prompt Tags,Prompt SEO title,Prompt SEO description,Prompt Image alt,Prompt Category,Status,Tags,SEO title,SEO description,Image alt text,Scrape Status,Scrape method,Source Product URL,QA Status,AI Score,Overlap %,QA Issues,URL handle,Generated Image URL,Shopify Image URL,Shopify Product URL
https://shop.mango.com/us/en/p/men/shirts/linen/regular-fit-100-linen-shirt/37031400/51/00,,"=IF($A2="""","""",IFERROR(INDEX(FILTER(LookupTables!$K$2:$K$500,(LookupTables!$A$2:$A$500=""vendor_map"")*(LookupTables!$L$2:$L$500<>"""")*ISNUMBER(SEARCH(LookupTables!$L$2:$L$500,LOWER($A2)))),1),""""))","=IF($A2="""","""",IFERROR(INDEX(FILTER(LookupTables!$F$2:$F$500,(LookupTables!$A$2:$A$500=""product_type_map"")*(LookupTables!$B$2:$B$500<>"""")*ISNUMBER(SEARCH(LookupTables!$B$2:$B$500,LOWER($A2&"" ""&$L2&"" ""&$M2)))),1),""""))","=IF($A2="""","""",IFERROR(INDEX(FILTER(LookupTables!$H$2:$H$500,(LookupTables!$A$2:$A$500=""collection_map"")*(LookupTables!$B$2:$B$500<>"""")*ISNUMBER(SEARCH(LookupTables!$B$2:$B$500,LOWER($A2&"" ""&$L2&"" ""&$M2)))),1),""""))","=IF($A2="""","""",IFERROR(INDEX(FILTER(LookupTables!$G$2:$G$500,(LookupTables!$A$2:$A$500=""product_type_map"")*(LookupTables!$B$2:$B$500<>"""")*ISNUMBER(SEARCH(LookupTables!$B$2:$B$500,LOWER($A2&"" ""&$L2&"" ""&$M2)))),1),""""))",,,,,,,,,,,,,,,,,,,,,,,,,,,,,,,,,,,,,,,,
https://www.everlane.com/products/womens-cheeky-straight-jean,,"=IF($A3="""","""",IFERROR(INDEX(FILTER(LookupTables!$K$2:$K$500,(LookupTables!$A$2:$A$500=""vendor_map"")*(LookupTables!$L$2:$L$500<>"""")*ISNUMBER(SEARCH(LookupTables!$L$2:$L$500,LOWER($A3)))),1),""""))","=IF($A3="""","""",IFERROR(INDEX(FILTER(LookupTables!$F$2:$F$500,(LookupTables!$A$2:$A$500=""product_type_map"")*(LookupTables!$B$2:$B$500<>"""")*ISNUMBER(SEARCH(LookupTables!$B$2:$B$500,LOWER($A3&"" ""&$L3&"" ""&$M3)))),1),""""))","=IF($A3="""","""",IFERROR(INDEX(FILTER(LookupTables!$H$2:$H$500,(LookupTables!$A$2:$A$500=""collection_map"")*(LookupTables!$B$2:$B$500<>"""")*ISNUMBER(SEARCH(LookupTables!$B$2:$B$500,LOWER($A3&"" ""&$L3&"" ""&$M3)))),1),""""))","=IF($A3="""","""",IFERROR(INDEX(FILTER(LookupTables!$G$2:$G$500,(LookupTables!$A$2:$A$500=""product_type_map"")*(LookupTables!$B$2:$B$500<>"""")*ISNUMBER(SEARCH(LookupTables!$B$2:$B$500,LOWER($A3&"" ""&$L3&"" ""&$M3)))),1),""""))",,,,,,,,,,,,,,,,,,,,,,,,,,,,,,,,,,,,,,,,
,,"=IF($A4="""","""",IFERROR(INDEX(FILTER(LookupTables!$K$2:$K$500,(LookupTables!$A$2:$A$500=""vendor_map"")*(LookupTables!$L$2:$L$500<>"""")*ISNUMBER(SEARCH(LookupTables!$L$2:$L$500,LOWER($A4)))),1),""""))","=IF($A4="""","""",IFERROR(INDEX(FILTER(LookupTables!$F$2:$F$500,(LookupTables!$A$2:$A$500=""product_type_map"")*(LookupTables!$B$2:$B$500<>"""")*ISNUMBER(SEARCH(LookupTables!$B$2:$B$500,LOWER($A4&"" ""&$L4&"" ""&$M4)))),1),""""))","=IF($A4="""","""",IFERROR(INDEX(FILTER(LookupTables!$H$2:$H$500,(LookupTables!$A$2:$A$500=""collection_map"")*(LookupTables!$B$2:$B$500<>"""")*ISNUMBER(SEARCH(LookupTables!$B$2:$B$500,LOWER($A4&"" ""&$L4&"" ""&$M4)))),1),""""))","=IF($A4="""","""",IFERROR(INDEX(FILTER(LookupTables!$G$2:$G$500,(LookupTables!$A$2:$A$500=""product_type_map"")*(LookupTables!$B$2:$B$500<>"""")*ISNUMBER(SEARCH(LookupTables!$B$2:$B$500,LOWER($A4&"" ""&$L4&"" ""&$M4)))),1),""""))",,,,,,,,,,,,,,,,,,,,,,,,,,,,,,,,,,,,,,,,
,,"=IF($A5="""","""",IFERROR(INDEX(FILTER(LookupTables!$K$2:$K$500,(LookupTables!$A$2:$A$500=""vendor_map"")*(LookupTables!$L$2:$L$500<>"""")*ISNUMBER(SEARCH(LookupTables!$L$2:$L$500,LOWER($A5)))),1),""""))","=IF($A5="""","""",IFERROR(INDEX(FILTER(LookupTables!$F$2:$F$500,(LookupTables!$A$2:$A$500=""product_type_map"")*(LookupTables!$B$2:$B$500<>"""")*ISNUMBER(SEARCH(LookupTables!$B$2:$B$500,LOWER($A5&"" ""&$L5&"" ""&$M5)))),1),""""))","=IF($A5="""","""",IFERROR(INDEX(FILTER(LookupTables!$H$2:$H$500,(LookupTables!$A$2:$A$500=""collection_map"")*(LookupTables!$B$2:$B$500<>"""")*ISNUMBER(SEARCH(LookupTables!$B$2:$B$500,LOWER($A5&"" ""&$L5&"" ""&$M5)))),1),""""))","=IF($A5="""","""",IFERROR(INDEX(FILTER(LookupTables!$G$2:$G$500,(LookupTables!$A$2:$A$500=""product_type_map"")*(LookupTables!$B$2:$B$500<>"""")*ISNUMBER(SEARCH(LookupTables!$B$2:$B$500,LOWER($A5&"" ""&$L5&"" ""&$M5)))),1),""""))",,,,,,,,,,,,,,,,,,,,,,,,,,,,,,,,,,,,,,,,
,,"=IF($A6="""","""",IFERROR(INDEX(FILTER(LookupTables!$K$2:$K$500,(LookupTables!$A$2:$A$500=""vendor_map"")*(LookupTables!$L$2:$L$500<>"""")*ISNUMBER(SEARCH(LookupTables!$L$2:$L$500,LOWER($A6)))),1),""""))","=IF($A6="""","""",IFERROR(INDEX(FILTER(LookupTables!$F$2:$F$500,(LookupTables!$A$2:$A$500=""product_type_map"")*(LookupTables!$B$2:$B$500<>"""")*ISNUMBER(SEARCH(LookupTables!$B$2:$B$500,LOWER($A6&"" ""&$L6&"" ""&$M6)))),1),""""))","=IF($A6="""","""",IFERROR(INDEX(FILTER(LookupTables!$H$2:$H$500,(LookupTables!$A$2:$A$500=""collection_map"")*(LookupTables!$B$2:$B$500<>"""")*ISNUMBER(SEARCH(LookupTables!$B$2:$B$500,LOWER($A6&"" ""&$L6&"" ""&$M6)))),1),""""))","=IF($A6="""","""",IFERROR(INDEX(FILTER(LookupTables!$G$2:$G$500,(LookupTables!$A$2:$A$500=""product_type_map"")*(LookupTables!$B$2:$B$500<>"""")*ISNUMBER(SEARCH(LookupTables!$B$2:$B$500,LOWER($A6&"" ""&$L6&"" ""&$M6)))),1),""""))",,,,,,,,,,,,,,,,,,,,,,,,,,,,,,,,,,,,,,,,
,,"=IF($A7="""","""",IFERROR(INDEX(FILTER(LookupTables!$K$2:$K$500,(LookupTables!$A$2:$A$500=""vendor_map"")*(LookupTables!$L$2:$L$500<>"""")*ISNUMBER(SEARCH(LookupTables!$L$2:$L$500,LOWER($A7)))),1),""""))","=IF($A7="""","""",IFERROR(INDEX(FILTER(LookupTables!$F$2:$F$500,(LookupTables!$A$2:$A$500=""product_type_map"")*(LookupTables!$B$2:$B$500<>"""")*ISNUMBER(SEARCH(LookupTables!$B$2:$B$500,LOWER($A7&"" ""&$L7&"" ""&$M7)))),1),""""))","=IF($A7="""","""",IFERROR(INDEX(FILTER(LookupTables!$H$2:$H$500,(LookupTables!$A$2:$A$500=""collection_map"")*(LookupTables!$B$2:$B$500<>"""")*ISNUMBER(SEARCH(LookupTables!$B$2:$B$500,LOWER($A7&"" ""&$L7&"" ""&$M7)))),1),""""))","=IF($A7="""","""",IFERROR(INDEX(FILTER(LookupTables!$G$2:$G$500,(LookupTables!$A$2:$A$500=""product_type_map"")*(LookupTables!$B$2:$B$500<>"""")*ISNUMBER(SEARCH(LookupTables!$B$2:$B$500,LOWER($A7&"" ""&$L7&"" ""&$M7)))),1),""""))",,,,,,,,,,,,,,,,,,,,,,,,,,,,,,,,,,,,,,,,
,,"=IF($A8="""","""",IFERROR(INDEX(FILTER(LookupTables!$K$2:$K$500,(LookupTables!$A$2:$A$500=""vendor_map"")*(LookupTables!$L$2:$L$500<>"""")*ISNUMBER(SEARCH(LookupTables!$L$2:$L$500,LOWER($A8)))),1),""""))","=IF($A8="""","""",IFERROR(INDEX(FILTER(LookupTables!$F$2:$F$500,(LookupTables!$A$2:$A$500=""product_type_map"")*(LookupTables!$B$2:$B$500<>"""")*ISNUMBER(SEARCH(LookupTables!$B$2:$B$500,LOWER($A8&"" ""&$L8&"" ""&$M8)))),1),""""))","=IF($A8="""","""",IFERROR(INDEX(FILTER(LookupTables!$H$2:$H$500,(LookupTables!$A$2:$A$500=""collection_map"")*(LookupTables!$B$2:$B$500<>"""")*ISNUMBER(SEARCH(LookupTables!$B$2:$B$500,LOWER($A8&"" ""&$L8&"" ""&$M8)))),1),""""))","=IF($A8="""","""",IFERROR(INDEX(FILTER(LookupTables!$G$2:$G$500,(LookupTables!$A$2:$A$500=""product_type_map"")*(LookupTables!$B$2:$B$500<>"""")*ISNUMBER(SEARCH(LookupTables!$B$2:$B$500,LOWER($A8&"" ""&$L8&"" ""&$M8)))),1),""""))",,,,,,,,,,,,,,,,,,,,,,,,,,,,,,,,,,,,,,,,
,,"=IF($A9="""","""",IFERROR(INDEX(FILTER(LookupTables!$K$2:$K$500,(LookupTables!$A$2:$A$500=""vendor_map"")*(LookupTables!$L$2:$L$500<>"""")*ISNUMBER(SEARCH(LookupTables!$L$2:$L$500,LOWER($A9)))),1),""""))","=IF($A9="""","""",IFERROR(INDEX(FILTER(LookupTables!$F$2:$F$500,(LookupTables!$A$2:$A$500=""product_type_map"")*(LookupTables!$B$2:$B$500<>"""")*ISNUMBER(SEARCH(LookupTables!$B$2:$B$500,LOWER($A9&"" ""&$L9&"" ""&$M9)))),1),""""))","=IF($A9="""","""",IFERROR(INDEX(FILTER(LookupTables!$H$2:$H$500,(LookupTables!$A$2:$A$500=""collection_map"")*(LookupTables!$B$2:$B$500<>"""")*ISNUMBER(SEARCH(LookupTables!$B$2:$B$500,LOWER($A9&"" ""&$L9&"" ""&$M9)))),1),""""))","=IF($A9="""","""",IFERROR(INDEX(FILTER(LookupTables!$G$2:$G$500,(LookupTables!$A$2:$A$500=""product_type_map"")*(LookupTables!$B$2:$B$500<>"""")*ISNUMBER(SEARCH(LookupTables!$B$2:$B$500,LOWER($A9&"" ""&$L9&"" ""&$M9)))),1),""""))",,,,,,,,,,,,,,,,,,,,,,,,,,,,,,,,,,,,,,,,
,,"=IF($A10="""","""",IFERROR(INDEX(FILTER(LookupTables!$K$2:$K$500,(LookupTables!$A$2:$A$500=""vendor_map"")*(LookupTables!$L$2:$L$500<>"""")*ISNUMBER(SEARCH(LookupTables!$L$2:$L$500,LOWER($A10)))),1),""""))","=IF($A10="""","""",IFERROR(INDEX(FILTER(LookupTables!$F$2:$F$500,(LookupTables!$A$2:$A$500=""product_type_map"")*(LookupTables!$B$2:$B$500<>"""")*ISNUMBER(SEARCH(LookupTables!$B$2:$B$500,LOWER($A10&"" ""&$L10&"" ""&$M10)))),1),""""))","=IF($A10="""","""",IFERROR(INDEX(FILTER(LookupTables!$H$2:$H$500,(LookupTables!$A$2:$A$500=""collection_map"")*(LookupTables!$B$2:$B$500<>"""")*ISNUMBER(SEARCH(LookupTables!$B$2:$B$500,LOWER($A10&"" ""&$L10&"" ""&$M10)))),1),""""))","=IF($A10="""","""",IFERROR(INDEX(FILTER(LookupTables!$G$2:$G$500,(LookupTables!$A$2:$A$500=""product_type_map"")*(LookupTables!$B$2:$B$500<>"""")*ISNUMBER(SEARCH(LookupTables!$B$2:$B$500,LOWER($A10&"" ""&$L10&"" ""&$M10)))),1),""""))",,,,,,,,,,,,,,,,,,,,,,,,,,,,,,,,,,,,,,,,
,,"=IF($A11="""","""",IFERROR(INDEX(FILTER(LookupTables!$K$2:$K$500,(LookupTables!$A$2:$A$500=""vendor_map"")*(LookupTables!$L$2:$L$500<>"""")*ISNUMBER(SEARCH(LookupTables!$L$2:$L$500,LOWER($A11)))),1),""""))","=IF($A11="""","""",IFERROR(INDEX(FILTER(LookupTables!$F$2:$F$500,(LookupTables!$A$2:$A$500=""product_type_map"")*(LookupTables!$B$2:$B$500<>"""")*ISNUMBER(SEARCH(LookupTables!$B$2:$B$500,LOWER($A11&"" ""&$L11&"" ""&$M11)))),1),""""))","=IF($A11="""","""",IFERROR(INDEX(FILTER(LookupTables!$H$2:$H$500,(LookupTables!$A$2:$A$500=""collection_map"")*(LookupTables!$B$2:$B$500<>"""")*ISNUMBER(SEARCH(LookupTables!$B$2:$B$500,LOWER($A11&"" ""&$L11&"" ""&$M11)))),1),""""))","=IF($A11="""","""",IFERROR(INDEX(FILTER(LookupTables!$G$2:$G$500,(LookupTables!$A$2:$A$500=""product_type_map"")*(LookupTables!$B$2:$B$500<>"""")*ISNUMBER(SEARCH(LookupTables!$B$2:$B$500,LOWER($A11&"" ""&$L11&"" ""&$M11)))),1),""""))",,,,,,,,,,,,,,,,,,,,,,,,,,,,,,,,,,,,,,,,
,,"=IF($A12="""","""",IFERROR(INDEX(FILTER(LookupTables!$K$2:$K$500,(LookupTables!$A$2:$A$500=""vendor_map"")*(LookupTables!$L$2:$L$500<>"""")*ISNUMBER(SEARCH(LookupTables!$L$2:$L$500,LOWER($A12)))),1),""""))","=IF($A12="""","""",IFERROR(INDEX(FILTER(LookupTables!$F$2:$F$500,(LookupTables!$A$2:$A$500=""product_type_map"")*(LookupTables!$B$2:$B$500<>"""")*ISNUMBER(SEARCH(LookupTables!$B$2:$B$500,LOWER($A12&"" ""&$L12&"" ""&$M12)))),1),""""))","=IF($A12="""","""",IFERROR(INDEX(FILTER(LookupTables!$H$2:$H$500,(LookupTables!$A$2:$A$500=""collection_map"")*(LookupTables!$B$2:$B$500<>"""")*ISNUMBER(SEARCH(LookupTables!$B$2:$B$500,LOWER($A12&"" ""&$L12&"" ""&$M12)))),1),""""))","=IF($A12="""","""",IFERROR(INDEX(FILTER(LookupTables!$G$2:$G$500,(LookupTables!$A$2:$A$500=""product_type_map"")*(LookupTables!$B$2:$B$500<>"""")*ISNUMBER(SEARCH(LookupTables!$B$2:$B$500,LOWER($A12&"" ""&$L12&"" ""&$M12)))),1),""""))",,,,,,,,,,,,,,,,,,,,,,,,,,,,,,,,,,,,,,,,
,,"=IF($A13="""","""",IFERROR(INDEX(FILTER(LookupTables!$K$2:$K$500,(LookupTables!$A$2:$A$500=""vendor_map"")*(LookupTables!$L$2:$L$500<>"""")*ISNUMBER(SEARCH(LookupTables!$L$2:$L$500,LOWER($A13)))),1),""""))","=IF($A13="""","""",IFERROR(INDEX(FILTER(LookupTables!$F$2:$F$500,(LookupTables!$A$2:$A$500=""product_type_map"")*(LookupTables!$B$2:$B$500<>"""")*ISNUMBER(SEARCH(LookupTables!$B$2:$B$500,LOWER($A13&"" ""&$L13&"" ""&$M13)))),1),""""))","=IF($A13="""","""",IFERROR(INDEX(FILTER(LookupTables!$H$2:$H$500,(LookupTables!$A$2:$A$500=""collection_map"")*(LookupTables!$B$2:$B$500<>"""")*ISNUMBER(SEARCH(LookupTables!$B$2:$B$500,LOWER($A13&"" ""&$L13&"" ""&$M13)))),1),""""))","=IF($A13="""","""",IFERROR(INDEX(FILTER(LookupTables!$G$2:$G$500,(LookupTables!$A$2:$A$500=""product_type_map"")*(LookupTables!$B$2:$B$500<>"""")*ISNUMBER(SEARCH(LookupTables!$B$2:$B$500,LOWER($A13&"" ""&$L13&"" ""&$M13)))),1),""""))",,,,,,,,,,,,,,,,,,,,,,,,,,,,,,,,,,,,,,,,
,,"=IF($A14="""","""",IFERROR(INDEX(FILTER(LookupTables!$K$2:$K$500,(LookupTables!$A$2:$A$500=""vendor_map"")*(LookupTables!$L$2:$L$500<>"""")*ISNUMBER(SEARCH(LookupTables!$L$2:$L$500,LOWER($A14)))),1),""""))","=IF($A14="""","""",IFERROR(INDEX(FILTER(LookupTables!$F$2:$F$500,(LookupTables!$A$2:$A$500=""product_type_map"")*(LookupTables!$B$2:$B$500<>"""")*ISNUMBER(SEARCH(LookupTables!$B$2:$B$500,LOWER($A14&"" ""&$L14&"" ""&$M14)))),1),""""))","=IF($A14="""","""",IFERROR(INDEX(FILTER(LookupTables!$H$2:$H$500,(LookupTables!$A$2:$A$500=""collection_map"")*(LookupTables!$B$2:$B$500<>"""")*ISNUMBER(SEARCH(LookupTables!$B$2:$B$500,LOWER($A14&"" ""&$L14&"" ""&$M14)))),1),""""))","=IF($A14="""","""",IFERROR(INDEX(FILTER(LookupTables!$G$2:$G$500,(LookupTables!$A$2:$A$500=""product_type_map"")*(LookupTables!$B$2:$B$500<>"""")*ISNUMBER(SEARCH(LookupTables!$B$2:$B$500,LOWER($A14&"" ""&$L14&"" ""&$M14)))),1),""""))",,,,,,,,,,,,,,,,,,,,,,,,,,,,,,,,,,,,,,,,
,,"=IF($A15="""","""",IFERROR(INDEX(FILTER(LookupTables!$K$2:$K$500,(LookupTables!$A$2:$A$500=""vendor_map"")*(LookupTables!$L$2:$L$500<>"""")*ISNUMBER(SEARCH(LookupTables!$L$2:$L$500,LOWER($A15)))),1),""""))","=IF($A15="""","""",IFERROR(INDEX(FILTER(LookupTables!$F$2:$F$500,(LookupTables!$A$2:$A$500=""product_type_map"")*(LookupTables!$B$2:$B$500<>"""")*ISNUMBER(SEARCH(LookupTables!$B$2:$B$500,LOWER($A15&"" ""&$L15&"" ""&$M15)))),1),""""))","=IF($A15="""","""",IFERROR(INDEX(FILTER(LookupTables!$H$2:$H$500,(LookupTables!$A$2:$A$500=""collection_map"")*(LookupTables!$B$2:$B$500<>"""")*ISNUMBER(SEARCH(LookupTables!$B$2:$B$500,LOWER($A15&"" ""&$L15&"" ""&$M15)))),1),""""))","=IF($A15="""","""",IFERROR(INDEX(FILTER(LookupTables!$G$2:$G$500,(LookupTables!$A$2:$A$500=""product_type_map"")*(LookupTables!$B$2:$B$500<>"""")*ISNUMBER(SEARCH(LookupTables!$B$2:$B$500,LOWER($A15&"" ""&$L15&"" ""&$M15)))),1),""""))",,,,,,,,,,,,,,,,,,,,,,,,,,,,,,,,,,,,,,,,
,,"=IF($A16="""","""",IFERROR(INDEX(FILTER(LookupTables!$K$2:$K$500,(LookupTables!$A$2:$A$500=""vendor_map"")*(LookupTables!$L$2:$L$500<>"""")*ISNUMBER(SEARCH(LookupTables!$L$2:$L$500,LOWER($A16)))),1),""""))","=IF($A16="""","""",IFERROR(INDEX(FILTER(LookupTables!$F$2:$F$500,(LookupTables!$A$2:$A$500=""product_type_map"")*(LookupTables!$B$2:$B$500<>"""")*ISNUMBER(SEARCH(LookupTables!$B$2:$B$500,LOWER($A16&"" ""&$L16&"" ""&$M16)))),1),""""))","=IF($A16="""","""",IFERROR(INDEX(FILTER(LookupTables!$H$2:$H$500,(LookupTables!$A$2:$A$500=""collection_map"")*(LookupTables!$B$2:$B$500<>"""")*ISNUMBER(SEARCH(LookupTables!$B$2:$B$500,LOWER($A16&"" ""&$L16&"" ""&$M16)))),1),""""))","=IF($A16="""","""",IFERROR(INDEX(FILTER(LookupTables!$G$2:$G$500,(LookupTables!$A$2:$A$500=""product_type_map"")*(LookupTables!$B$2:$B$500<>"""")*ISNUMBER(SEARCH(LookupTables!$B$2:$B$500,LOWER($A16&"" ""&$L16&"" ""&$M16)))),1),""""))",,,,,,,,,,,,,,,,,,,,,,,,,,,,,,,,,,,,,,,,
,,"=IF($A17="""","""",IFERROR(INDEX(FILTER(LookupTables!$K$2:$K$500,(LookupTables!$A$2:$A$500=""vendor_map"")*(LookupTables!$L$2:$L$500<>"""")*ISNUMBER(SEARCH(LookupTables!$L$2:$L$500,LOWER($A17)))),1),""""))","=IF($A17="""","""",IFERROR(INDEX(FILTER(LookupTables!$F$2:$F$500,(LookupTables!$A$2:$A$500=""product_type_map"")*(LookupTables!$B$2:$B$500<>"""")*ISNUMBER(SEARCH(LookupTables!$B$2:$B$500,LOWER($A17&"" ""&$L17&"" ""&$M17)))),1),""""))","=IF($A17="""","""",IFERROR(INDEX(FILTER(LookupTables!$H$2:$H$500,(LookupTables!$A$2:$A$500=""collection_map"")*(LookupTables!$B$2:$B$500<>"""")*ISNUMBER(SEARCH(LookupTables!$B$2:$B$500,LOWER($A17&"" ""&$L17&"" ""&$M17)))),1),""""))","=IF($A17="""","""",IFERROR(INDEX(FILTER(LookupTables!$G$2:$G$500,(LookupTables!$A$2:$A$500=""product_type_map"")*(LookupTables!$B$2:$B$500<>"""")*ISNUMBER(SEARCH(LookupTables!$B$2:$B$500,LOWER($A17&"" ""&$L17&"" ""&$M17)))),1),""""))",,,,,,,,,,,,,,,,,,,,,,,,,,,,,,,,,,,,,,,,
,,"=IF($A18="""","""",IFERROR(INDEX(FILTER(LookupTables!$K$2:$K$500,(LookupTables!$A$2:$A$500=""vendor_map"")*(LookupTables!$L$2:$L$500<>"""")*ISNUMBER(SEARCH(LookupTables!$L$2:$L$500,LOWER($A18)))),1),""""))","=IF($A18="""","""",IFERROR(INDEX(FILTER(LookupTables!$F$2:$F$500,(LookupTables!$A$2:$A$500=""product_type_map"")*(LookupTables!$B$2:$B$500<>"""")*ISNUMBER(SEARCH(LookupTables!$B$2:$B$500,LOWER($A18&"" ""&$L18&"" ""&$M18)))),1),""""))","=IF($A18="""","""",IFERROR(INDEX(FILTER(LookupTables!$H$2:$H$500,(LookupTables!$A$2:$A$500=""collection_map"")*(LookupTables!$B$2:$B$500<>"""")*ISNUMBER(SEARCH(LookupTables!$B$2:$B$500,LOWER($A18&"" ""&$L18&"" ""&$M18)))),1),""""))","=IF($A18="""","""",IFERROR(INDEX(FILTER(LookupTables!$G$2:$G$500,(LookupTables!$A$2:$A$500=""product_type_map"")*(LookupTables!$B$2:$B$500<>"""")*ISNUMBER(SEARCH(LookupTables!$B$2:$B$500,LOWER($A18&"" ""&$L18&"" ""&$M18)))),1),""""))",,,,,,,,,,,,,,,,,,,,,,,,,,,,,,,,,,,,,,,,
,,"=IF($A19="""","""",IFERROR(INDEX(FILTER(LookupTables!$K$2:$K$500,(LookupTables!$A$2:$A$500=""vendor_map"")*(LookupTables!$L$2:$L$500<>"""")*ISNUMBER(SEARCH(LookupTables!$L$2:$L$500,LOWER($A19)))),1),""""))","=IF($A19="""","""",IFERROR(INDEX(FILTER(LookupTables!$F$2:$F$500,(LookupTables!$A$2:$A$500=""product_type_map"")*(LookupTables!$B$2:$B$500<>"""")*ISNUMBER(SEARCH(LookupTables!$B$2:$B$500,LOWER($A19&"" ""&$L19&"" ""&$M19)))),1),""""))","=IF($A19="""","""",IFERROR(INDEX(FILTER(LookupTables!$H$2:$H$500,(LookupTables!$A$2:$A$500=""collection_map"")*(LookupTables!$B$2:$B$500<>"""")*ISNUMBER(SEARCH(LookupTables!$B$2:$B$500,LOWER($A19&"" ""&$L19&"" ""&$M19)))),1),""""))","=IF($A19="""","""",IFERROR(INDEX(FILTER(LookupTables!$G$2:$G$500,(LookupTables!$A$2:$A$500=""product_type_map"")*(LookupTables!$B$2:$B$500<>"""")*ISNUMBER(SEARCH(LookupTables!$B$2:$B$500,LOWER($A19&"" ""&$L19&"" ""&$M19)))),1),""""))",,,,,,,,,,,,,,,,,,,,,,,,,,,,,,,,,,,,,,,,
,,"=IF($A20="""","""",IFERROR(INDEX(FILTER(LookupTables!$K$2:$K$500,(LookupTables!$A$2:$A$500=""vendor_map"")*(LookupTables!$L$2:$L$500<>"""")*ISNUMBER(SEARCH(LookupTables!$L$2:$L$500,LOWER($A20)))),1),""""))","=IF($A20="""","""",IFERROR(INDEX(FILTER(LookupTables!$F$2:$F$500,(LookupTables!$A$2:$A$500=""product_type_map"")*(LookupTables!$B$2:$B$500<>"""")*ISNUMBER(SEARCH(LookupTables!$B$2:$B$500,LOWER($A20&"" ""&$L20&"" ""&$M20)))),1),""""))","=IF($A20="""","""",IFERROR(INDEX(FILTER(LookupTables!$H$2:$H$500,(LookupTables!$A$2:$A$500=""collection_map"")*(LookupTables!$B$2:$B$500<>"""")*ISNUMBER(SEARCH(LookupTables!$B$2:$B$500,LOWER($A20&"" ""&$L20&"" ""&$M20)))),1),""""))","=IF($A20="""","""",IFERROR(INDEX(FILTER(LookupTables!$G$2:$G$500,(LookupTables!$A$2:$A$500=""product_type_map"")*(LookupTables!$B$2:$B$500<>"""")*ISNUMBER(SEARCH(LookupTables!$B$2:$B$500,LOWER($A20&"" ""&$L20&"" ""&$M20)))),1),""""))",,,,,,,,,,,,,,,,,,,,,,,,,,,,,,,,,,,,,,,,
,,"=IF($A21="""","""",IFERROR(INDEX(FILTER(LookupTables!$K$2:$K$500,(LookupTables!$A$2:$A$500=""vendor_map"")*(LookupTables!$L$2:$L$500<>"""")*ISNUMBER(SEARCH(LookupTables!$L$2:$L$500,LOWER($A21)))),1),""""))","=IF($A21="""","""",IFERROR(INDEX(FILTER(LookupTables!$F$2:$F$500,(LookupTables!$A$2:$A$500=""product_type_map"")*(LookupTables!$B$2:$B$500<>"""")*ISNUMBER(SEARCH(LookupTables!$B$2:$B$500,LOWER($A21&"" ""&$L21&"" ""&$M21)))),1),""""))","=IF($A21="""","""",IFERROR(INDEX(FILTER(LookupTables!$H$2:$H$500,(LookupTables!$A$2:$A$500=""collection_map"")*(LookupTables!$B$2:$B$500<>"""")*ISNUMBER(SEARCH(LookupTables!$B$2:$B$500,LOWER($A21&"" ""&$L21&"" ""&$M21)))),1),""""))","=IF($A21="""","""",IFERROR(INDEX(FILTER(LookupTables!$G$2:$G$500,(LookupTables!$A$2:$A$500=""product_type_map"")*(LookupTables!$B$2:$B$500<>"""")*ISNUMBER(SEARCH(LookupTables!$B$2:$B$500,LOWER($A21&"" ""&$L21&"" ""&$M21)))),1),""""))",,,,,,,,,,,,,,,,,,,,,,,,,,,,,,,,,,,,,,,,
,,"=IF($A22="""","""",IFERROR(INDEX(FILTER(LookupTables!$K$2:$K$500,(LookupTables!$A$2:$A$500=""vendor_map"")*(LookupTables!$L$2:$L$500<>"""")*ISNUMBER(SEARCH(LookupTables!$L$2:$L$500,LOWER($A22)))),1),""""))","=IF($A22="""","""",IFERROR(INDEX(FILTER(LookupTables!$F$2:$F$500,(LookupTables!$A$2:$A$500=""product_type_map"")*(LookupTables!$B$2:$B$500<>"""")*ISNUMBER(SEARCH(LookupTables!$B$2:$B$500,LOWER($A22&"" ""&$L22&"" ""&$M22)))),1),""""))","=IF($A22="""","""",IFERROR(INDEX(FILTER(LookupTables!$H$2:$H$500,(LookupTables!$A$2:$A$500=""collection_map"")*(LookupTables!$B$2:$B$500<>"""")*ISNUMBER(SEARCH(LookupTables!$B$2:$B$500,LOWER($A22&"" ""&$L22&"" ""&$M22)))),1),""""))","=IF($A22="""","""",IFERROR(INDEX(FILTER(LookupTables!$G$2:$G$500,(LookupTables!$A$2:$A$500=""product_type_map"")*(LookupTables!$B$2:$B$500<>"""")*ISNUMBER(SEARCH(LookupTables!$B$2:$B$500,LOWER($A22&"" ""&$L22&"" ""&$M22)))),1),""""))",,,,,,,,,,,,,,,,,,,,,,,,,,,,,,,,,,,,,,,,
,,"=IF($A23="""","""",IFERROR(INDEX(FILTER(LookupTables!$K$2:$K$500,(LookupTables!$A$2:$A$500=""vendor_map"")*(LookupTables!$L$2:$L$500<>"""")*ISNUMBER(SEARCH(LookupTables!$L$2:$L$500,LOWER($A23)))),1),""""))","=IF($A23="""","""",IFERROR(INDEX(FILTER(LookupTables!$F$2:$F$500,(LookupTables!$A$2:$A$500=""product_type_map"")*(LookupTables!$B$2:$B$500<>"""")*ISNUMBER(SEARCH(LookupTables!$B$2:$B$500,LOWER($A23&"" ""&$L23&"" ""&$M23)))),1),""""))","=IF($A23="""","""",IFERROR(INDEX(FILTER(LookupTables!$H$2:$H$500,(LookupTables!$A$2:$A$500=""collection_map"")*(LookupTables!$B$2:$B$500<>"""")*ISNUMBER(SEARCH(LookupTables!$B$2:$B$500,LOWER($A23&"" ""&$L23&"" ""&$M23)))),1),""""))","=IF($A23="""","""",IFERROR(INDEX(FILTER(LookupTables!$G$2:$G$500,(LookupTables!$A$2:$A$500=""product_type_map"")*(LookupTables!$B$2:$B$500<>"""")*ISNUMBER(SEARCH(LookupTables!$B$2:$B$500,LOWER($A23&"" ""&$L23&"" ""&$M23)))),1),""""))",,,,,,,,,,,,,,,,,,,,,,,,,,,,,,,,,,,,,,,,
,,"=IF($A24="""","""",IFERROR(INDEX(FILTER(LookupTables!$K$2:$K$500,(LookupTables!$A$2:$A$500=""vendor_map"")*(LookupTables!$L$2:$L$500<>"""")*ISNUMBER(SEARCH(LookupTables!$L$2:$L$500,LOWER($A24)))),1),""""))","=IF($A24="""","""",IFERROR(INDEX(FILTER(LookupTables!$F$2:$F$500,(LookupTables!$A$2:$A$500=""product_type_map"")*(LookupTables!$B$2:$B$500<>"""")*ISNUMBER(SEARCH(LookupTables!$B$2:$B$500,LOWER($A24&"" ""&$L24&"" ""&$M24)))),1),""""))","=IF($A24="""","""",IFERROR(INDEX(FILTER(LookupTables!$H$2:$H$500,(LookupTables!$A$2:$A$500=""collection_map"")*(LookupTables!$B$2:$B$500<>"""")*ISNUMBER(SEARCH(LookupTables!$B$2:$B$500,LOWER($A24&"" ""&$L24&"" ""&$M24)))),1),""""))","=IF($A24="""","""",IFERROR(INDEX(FILTER(LookupTables!$G$2:$G$500,(LookupTables!$A$2:$A$500=""product_type_map"")*(LookupTables!$B$2:$B$500<>"""")*ISNUMBER(SEARCH(LookupTables!$B$2:$B$500,LOWER($A24&"" ""&$L24&"" ""&$M24)))),1),""""))",,,,,,,,,,,,,,,,,,,,,,,,,,,,,,,,,,,,,,,,
,,"=IF($A25="""","""",IFERROR(INDEX(FILTER(LookupTables!$K$2:$K$500,(LookupTables!$A$2:$A$500=""vendor_map"")*(LookupTables!$L$2:$L$500<>"""")*ISNUMBER(SEARCH(LookupTables!$L$2:$L$500,LOWER($A25)))),1),""""))","=IF($A25="""","""",IFERROR(INDEX(FILTER(LookupTables!$F$2:$F$500,(LookupTables!$A$2:$A$500=""product_type_map"")*(LookupTables!$B$2:$B$500<>"""")*ISNUMBER(SEARCH(LookupTables!$B$2:$B$500,LOWER($A25&"" ""&$L25&"" ""&$M25)))),1),""""))","=IF($A25="""","""",IFERROR(INDEX(FILTER(LookupTables!$H$2:$H$500,(LookupTables!$A$2:$A$500=""collection_map"")*(LookupTables!$B$2:$B$500<>"""")*ISNUMBER(SEARCH(LookupTables!$B$2:$B$500,LOWER($A25&"" ""&$L25&"" ""&$M25)))),1),""""))","=IF($A25="""","""",IFERROR(INDEX(FILTER(LookupTables!$G$2:$G$500,(LookupTables!$A$2:$A$500=""product_type_map"")*(LookupTables!$B$2:$B$500<>"""")*ISNUMBER(SEARCH(LookupTables!$B$2:$B$500,LOWER($A25&"" ""&$L25&"" ""&$M25)))),1),""""))",,,,,,,,,,,,,,,,,,,,,,,,,,,,,,,,,,,,,,,,
,,"=IF($A26="""","""",IFERROR(INDEX(FILTER(LookupTables!$K$2:$K$500,(LookupTables!$A$2:$A$500=""vendor_map"")*(LookupTables!$L$2:$L$500<>"""")*ISNUMBER(SEARCH(LookupTables!$L$2:$L$500,LOWER($A26)))),1),""""))","=IF($A26="""","""",IFERROR(INDEX(FILTER(LookupTables!$F$2:$F$500,(LookupTables!$A$2:$A$500=""product_type_map"")*(LookupTables!$B$2:$B$500<>"""")*ISNUMBER(SEARCH(LookupTables!$B$2:$B$500,LOWER($A26&"" ""&$L26&"" ""&$M26)))),1),""""))","=IF($A26="""","""",IFERROR(INDEX(FILTER(LookupTables!$H$2:$H$500,(LookupTables!$A$2:$A$500=""collection_map"")*(LookupTables!$B$2:$B$500<>"""")*ISNUMBER(SEARCH(LookupTables!$B$2:$B$500,LOWER($A26&"" ""&$L26&"" ""&$M26)))),1),""""))","=IF($A26="""","""",IFERROR(INDEX(FILTER(LookupTables!$G$2:$G$500,(LookupTables!$A$2:$A$500=""product_type_map"")*(LookupTables!$B$2:$B$500<>"""")*ISNUMBER(SEARCH(LookupTables!$B$2:$B$500,LOWER($A26&"" ""&$L26&"" ""&$M26)))),1),""""))",,,,,,,,,,,,,,,,,,,,,,,,,,,,,,,,,,,,,,,,
,,"=IF($A27="""","""",IFERROR(INDEX(FILTER(LookupTables!$K$2:$K$500,(LookupTables!$A$2:$A$500=""vendor_map"")*(LookupTables!$L$2:$L$500<>"""")*ISNUMBER(SEARCH(LookupTables!$L$2:$L$500,LOWER($A27)))),1),""""))","=IF($A27="""","""",IFERROR(INDEX(FILTER(LookupTables!$F$2:$F$500,(LookupTables!$A$2:$A$500=""product_type_map"")*(LookupTables!$B$2:$B$500<>"""")*ISNUMBER(SEARCH(LookupTables!$B$2:$B$500,LOWER($A27&"" ""&$L27&"" ""&$M27)))),1),""""))","=IF($A27="""","""",IFERROR(INDEX(FILTER(LookupTables!$H$2:$H$500,(LookupTables!$A$2:$A$500=""collection_map"")*(LookupTables!$B$2:$B$500<>"""")*ISNUMBER(SEARCH(LookupTables!$B$2:$B$500,LOWER($A27&"" ""&$L27&"" ""&$M27)))),1),""""))","=IF($A27="""","""",IFERROR(INDEX(FILTER(LookupTables!$G$2:$G$500,(LookupTables!$A$2:$A$500=""product_type_map"")*(LookupTables!$B$2:$B$500<>"""")*ISNUMBER(SEARCH(LookupTables!$B$2:$B$500,LOWER($A27&"" ""&$L27&"" ""&$M27)))),1),""""))",,,,,,,,,,,,,,,,,,,,,,,,,,,,,,,,,,,,,,,,
,,"=IF($A28="""","""",IFERROR(INDEX(FILTER(LookupTables!$K$2:$K$500,(LookupTables!$A$2:$A$500=""vendor_map"")*(LookupTables!$L$2:$L$500<>"""")*ISNUMBER(SEARCH(LookupTables!$L$2:$L$500,LOWER($A28)))),1),""""))","=IF($A28="""","""",IFERROR(INDEX(FILTER(LookupTables!$F$2:$F$500,(LookupTables!$A$2:$A$500=""product_type_map"")*(LookupTables!$B$2:$B$500<>"""")*ISNUMBER(SEARCH(LookupTables!$B$2:$B$500,LOWER($A28&"" ""&$L28&"" ""&$M28)))),1),""""))","=IF($A28="""","""",IFERROR(INDEX(FILTER(LookupTables!$H$2:$H$500,(LookupTables!$A$2:$A$500=""collection_map"")*(LookupTables!$B$2:$B$500<>"""")*ISNUMBER(SEARCH(LookupTables!$B$2:$B$500,LOWER($A28&"" ""&$L28&"" ""&$M28)))),1),""""))","=IF($A28="""","""",IFERROR(INDEX(FILTER(LookupTables!$G$2:$G$500,(LookupTables!$A$2:$A$500=""product_type_map"")*(LookupTables!$B$2:$B$500<>"""")*ISNUMBER(SEARCH(LookupTables!$B$2:$B$500,LOWER($A28&"" ""&$L28&"" ""&$M28)))),1),""""))",,,,,,,,,,,,,,,,,,,,,,,,,,,,,,,,,,,,,,,,
,,"=IF($A29="""","""",IFERROR(INDEX(FILTER(LookupTables!$K$2:$K$500,(LookupTables!$A$2:$A$500=""vendor_map"")*(LookupTables!$L$2:$L$500<>"""")*ISNUMBER(SEARCH(LookupTables!$L$2:$L$500,LOWER($A29)))),1),""""))","=IF($A29="""","""",IFERROR(INDEX(FILTER(LookupTables!$F$2:$F$500,(LookupTables!$A$2:$A$500=""product_type_map"")*(LookupTables!$B$2:$B$500<>"""")*ISNUMBER(SEARCH(LookupTables!$B$2:$B$500,LOWER($A29&"" ""&$L29&"" ""&$M29)))),1),""""))","=IF($A29="""","""",IFERROR(INDEX(FILTER(LookupTables!$H$2:$H$500,(LookupTables!$A$2:$A$500=""collection_map"")*(LookupTables!$B$2:$B$500<>"""")*ISNUMBER(SEARCH(LookupTables!$B$2:$B$500,LOWER($A29&"" ""&$L29&"" ""&$M29)))),1),""""))","=IF($A29="""","""",IFERROR(INDEX(FILTER(LookupTables!$G$2:$G$500,(LookupTables!$A$2:$A$500=""product_type_map"")*(LookupTables!$B$2:$B$500<>"""")*ISNUMBER(SEARCH(LookupTables!$B$2:$B$500,LOWER($A29&"" ""&$L29&"" ""&$M29)))),1),""""))",,,,,,,,,,,,,,,,,,,,,,,,,,,,,,,,,,,,,,,,
,,"=IF($A30="""","""",IFERROR(INDEX(FILTER(LookupTables!$K$2:$K$500,(LookupTables!$A$2:$A$500=""vendor_map"")*(LookupTables!$L$2:$L$500<>"""")*ISNUMBER(SEARCH(LookupTables!$L$2:$L$500,LOWER($A30)))),1),""""))","=IF($A30="""","""",IFERROR(INDEX(FILTER(LookupTables!$F$2:$F$500,(LookupTables!$A$2:$A$500=""product_type_map"")*(LookupTables!$B$2:$B$500<>"""")*ISNUMBER(SEARCH(LookupTables!$B$2:$B$500,LOWER($A30&"" ""&$L30&"" ""&$M30)))),1),""""))","=IF($A30="""","""",IFERROR(INDEX(FILTER(LookupTables!$H$2:$H$500,(LookupTables!$A$2:$A$500=""collection_map"")*(LookupTables!$B$2:$B$500<>"""")*ISNUMBER(SEARCH(LookupTables!$B$2:$B$500,LOWER($A30&"" ""&$L30&"" ""&$M30)))),1),""""))","=IF($A30="""","""",IFERROR(INDEX(FILTER(LookupTables!$G$2:$G$500,(LookupTables!$A$2:$A$500=""product_type_map"")*(LookupTables!$B$2:$B$500<>"""")*ISNUMBER(SEARCH(LookupTables!$B$2:$B$500,LOWER($A30&"" ""&$L30&"" ""&$M30)))),1),""""))",,,,,,,,,,,,,,,,,,,,,,,,,,,,,,,,,,,,,,,,
,,"=IF($A31="""","""",IFERROR(INDEX(FILTER(LookupTables!$K$2:$K$500,(LookupTables!$A$2:$A$500=""vendor_map"")*(LookupTables!$L$2:$L$500<>"""")*ISNUMBER(SEARCH(LookupTables!$L$2:$L$500,LOWER($A31)))),1),""""))","=IF($A31="""","""",IFERROR(INDEX(FILTER(LookupTables!$F$2:$F$500,(LookupTables!$A$2:$A$500=""product_type_map"")*(LookupTables!$B$2:$B$500<>"""")*ISNUMBER(SEARCH(LookupTables!$B$2:$B$500,LOWER($A31&"" ""&$L31&"" ""&$M31)))),1),""""))","=IF($A31="""","""",IFERROR(INDEX(FILTER(LookupTables!$H$2:$H$500,(LookupTables!$A$2:$A$500=""collection_map"")*(LookupTables!$B$2:$B$500<>"""")*ISNUMBER(SEARCH(LookupTables!$B$2:$B$500,LOWER($A31&"" ""&$L31&"" ""&$M31)))),1),""""))","=IF($A31="""","""",IFERROR(INDEX(FILTER(LookupTables!$G$2:$G$500,(LookupTables!$A$2:$A$500=""product_type_map"")*(LookupTables!$B$2:$B$500<>"""")*ISNUMBER(SEARCH(LookupTables!$B$2:$B$500,LOWER($A31&"" ""&$L31&"" ""&$M31)))),1),""""))",,,,,,,,,,,,,,,,,,,,,,,,,,,,,,,,,,,,,,,,
,,"=IF($A32="""","""",IFERROR(INDEX(FILTER(LookupTables!$K$2:$K$500,(LookupTables!$A$2:$A$500=""vendor_map"")*(LookupTables!$L$2:$L$500<>"""")*ISNUMBER(SEARCH(LookupTables!$L$2:$L$500,LOWER($A32)))),1),""""))","=IF($A32="""","""",IFERROR(INDEX(FILTER(LookupTables!$F$2:$F$500,(LookupTables!$A$2:$A$500=""product_type_map"")*(LookupTables!$B$2:$B$500<>"""")*ISNUMBER(SEARCH(LookupTables!$B$2:$B$500,LOWER($A32&"" ""&$L32&"" ""&$M32)))),1),""""))","=IF($A32="""","""",IFERROR(INDEX(FILTER(LookupTables!$H$2:$H$500,(LookupTables!$A$2:$A$500=""collection_map"")*(LookupTables!$B$2:$B$500<>"""")*ISNUMBER(SEARCH(LookupTables!$B$2:$B$500,LOWER($A32&"" ""&$L32&"" ""&$M32)))),1),""""))","=IF($A32="""","""",IFERROR(INDEX(FILTER(LookupTables!$G$2:$G$500,(LookupTables!$A$2:$A$500=""product_type_map"")*(LookupTables!$B$2:$B$500<>"""")*ISNUMBER(SEARCH(LookupTables!$B$2:$B$500,LOWER($A32&"" ""&$L32&"" ""&$M32)))),1),""""))",,,,,,,,,,,,,,,,,,,,,,,,,,,,,,,,,,,,,,,,
,,"=IF($A33="""","""",IFERROR(INDEX(FILTER(LookupTables!$K$2:$K$500,(LookupTables!$A$2:$A$500=""vendor_map"")*(LookupTables!$L$2:$L$500<>"""")*ISNUMBER(SEARCH(LookupTables!$L$2:$L$500,LOWER($A33)))),1),""""))","=IF($A33="""","""",IFERROR(INDEX(FILTER(LookupTables!$F$2:$F$500,(LookupTables!$A$2:$A$500=""product_type_map"")*(LookupTables!$B$2:$B$500<>"""")*ISNUMBER(SEARCH(LookupTables!$B$2:$B$500,LOWER($A33&"" ""&$L33&"" ""&$M33)))),1),""""))","=IF($A33="""","""",IFERROR(INDEX(FILTER(LookupTables!$H$2:$H$500,(LookupTables!$A$2:$A$500=""collection_map"")*(LookupTables!$B$2:$B$500<>"""")*ISNUMBER(SEARCH(LookupTables!$B$2:$B$500,LOWER($A33&"" ""&$L33&"" ""&$M33)))),1),""""))","=IF($A33="""","""",IFERROR(INDEX(FILTER(LookupTables!$G$2:$G$500,(LookupTables!$A$2:$A$500=""product_type_map"")*(LookupTables!$B$2:$B$500<>"""")*ISNUMBER(SEARCH(LookupTables!$B$2:$B$500,LOWER($A33&"" ""&$L33&"" ""&$M33)))),1),""""))",,,,,,,,,,,,,,,,,,,,,,,,,,,,,,,,,,,,,,,,
,,"=IF($A34="""","""",IFERROR(INDEX(FILTER(LookupTables!$K$2:$K$500,(LookupTables!$A$2:$A$500=""vendor_map"")*(LookupTables!$L$2:$L$500<>"""")*ISNUMBER(SEARCH(LookupTables!$L$2:$L$500,LOWER($A34)))),1),""""))","=IF($A34="""","""",IFERROR(INDEX(FILTER(LookupTables!$F$2:$F$500,(LookupTables!$A$2:$A$500=""product_type_map"")*(LookupTables!$B$2:$B$500<>"""")*ISNUMBER(SEARCH(LookupTables!$B$2:$B$500,LOWER($A34&"" ""&$L34&"" ""&$M34)))),1),""""))","=IF($A34="""","""",IFERROR(INDEX(FILTER(LookupTables!$H$2:$H$500,(LookupTables!$A$2:$A$500=""collection_map"")*(LookupTables!$B$2:$B$500<>"""")*ISNUMBER(SEARCH(LookupTables!$B$2:$B$500,LOWER($A34&"" ""&$L34&"" ""&$M34)))),1),""""))","=IF($A34="""","""",IFERROR(INDEX(FILTER(LookupTables!$G$2:$G$500,(LookupTables!$A$2:$A$500=""product_type_map"")*(LookupTables!$B$2:$B$500<>"""")*ISNUMBER(SEARCH(LookupTables!$B$2:$B$500,LOWER($A34&"" ""&$L34&"" ""&$M34)))),1),""""))",,,,,,,,,,,,,,,,,,,,,,,,,,,,,,,,,,,,,,,,
,,"=IF($A35="""","""",IFERROR(INDEX(FILTER(LookupTables!$K$2:$K$500,(LookupTables!$A$2:$A$500=""vendor_map"")*(LookupTables!$L$2:$L$500<>"""")*ISNUMBER(SEARCH(LookupTables!$L$2:$L$500,LOWER($A35)))),1),""""))","=IF($A35="""","""",IFERROR(INDEX(FILTER(LookupTables!$F$2:$F$500,(LookupTables!$A$2:$A$500=""product_type_map"")*(LookupTables!$B$2:$B$500<>"""")*ISNUMBER(SEARCH(LookupTables!$B$2:$B$500,LOWER($A35&"" ""&$L35&"" ""&$M35)))),1),""""))","=IF($A35="""","""",IFERROR(INDEX(FILTER(LookupTables!$H$2:$H$500,(LookupTables!$A$2:$A$500=""collection_map"")*(LookupTables!$B$2:$B$500<>"""")*ISNUMBER(SEARCH(LookupTables!$B$2:$B$500,LOWER($A35&"" ""&$L35&"" ""&$M35)))),1),""""))","=IF($A35="""","""",IFERROR(INDEX(FILTER(LookupTables!$G$2:$G$500,(LookupTables!$A$2:$A$500=""product_type_map"")*(LookupTables!$B$2:$B$500<>"""")*ISNUMBER(SEARCH(LookupTables!$B$2:$B$500,LOWER($A35&"" ""&$L35&"" ""&$M35)))),1),""""))",,,,,,,,,,,,,,,,,,,,,,,,,,,,,,,,,,,,,,,,
,,"=IF($A36="""","""",IFERROR(INDEX(FILTER(LookupTables!$K$2:$K$500,(LookupTables!$A$2:$A$500=""vendor_map"")*(LookupTables!$L$2:$L$500<>"""")*ISNUMBER(SEARCH(LookupTables!$L$2:$L$500,LOWER($A36)))),1),""""))","=IF($A36="""","""",IFERROR(INDEX(FILTER(LookupTables!$F$2:$F$500,(LookupTables!$A$2:$A$500=""product_type_map"")*(LookupTables!$B$2:$B$500<>"""")*ISNUMBER(SEARCH(LookupTables!$B$2:$B$500,LOWER($A36&"" ""&$L36&"" ""&$M36)))),1),""""))","=IF($A36="""","""",IFERROR(INDEX(FILTER(LookupTables!$H$2:$H$500,(LookupTables!$A$2:$A$500=""collection_map"")*(LookupTables!$B$2:$B$500<>"""")*ISNUMBER(SEARCH(LookupTables!$B$2:$B$500,LOWER($A36&"" ""&$L36&"" ""&$M36)))),1),""""))","=IF($A36="""","""",IFERROR(INDEX(FILTER(LookupTables!$G$2:$G$500,(LookupTables!$A$2:$A$500=""product_type_map"")*(LookupTables!$B$2:$B$500<>"""")*ISNUMBER(SEARCH(LookupTables!$B$2:$B$500,LOWER($A36&"" ""&$L36&"" ""&$M36)))),1),""""))",,,,,,,,,,,,,,,,,,,,,,,,,,,,,,,,,,,,,,,,
,,"=IF($A37="""","""",IFERROR(INDEX(FILTER(LookupTables!$K$2:$K$500,(LookupTables!$A$2:$A$500=""vendor_map"")*(LookupTables!$L$2:$L$500<>"""")*ISNUMBER(SEARCH(LookupTables!$L$2:$L$500,LOWER($A37)))),1),""""))","=IF($A37="""","""",IFERROR(INDEX(FILTER(LookupTables!$F$2:$F$500,(LookupTables!$A$2:$A$500=""product_type_map"")*(LookupTables!$B$2:$B$500<>"""")*ISNUMBER(SEARCH(LookupTables!$B$2:$B$500,LOWER($A37&"" ""&$L37&"" ""&$M37)))),1),""""))","=IF($A37="""","""",IFERROR(INDEX(FILTER(LookupTables!$H$2:$H$500,(LookupTables!$A$2:$A$500=""collection_map"")*(LookupTables!$B$2:$B$500<>"""")*ISNUMBER(SEARCH(LookupTables!$B$2:$B$500,LOWER($A37&"" ""&$L37&"" ""&$M37)))),1),""""))","=IF($A37="""","""",IFERROR(INDEX(FILTER(LookupTables!$G$2:$G$500,(LookupTables!$A$2:$A$500=""product_type_map"")*(LookupTables!$B$2:$B$500<>"""")*ISNUMBER(SEARCH(LookupTables!$B$2:$B$500,LOWER($A37&"" ""&$L37&"" ""&$M37)))),1),""""))",,,,,,,,,,,,,,,,,,,,,,,,,,,,,,,,,,,,,,,,
,,"=IF($A38="""","""",IFERROR(INDEX(FILTER(LookupTables!$K$2:$K$500,(LookupTables!$A$2:$A$500=""vendor_map"")*(LookupTables!$L$2:$L$500<>"""")*ISNUMBER(SEARCH(LookupTables!$L$2:$L$500,LOWER($A38)))),1),""""))","=IF($A38="""","""",IFERROR(INDEX(FILTER(LookupTables!$F$2:$F$500,(LookupTables!$A$2:$A$500=""product_type_map"")*(LookupTables!$B$2:$B$500<>"""")*ISNUMBER(SEARCH(LookupTables!$B$2:$B$500,LOWER($A38&"" ""&$L38&"" ""&$M38)))),1),""""))","=IF($A38="""","""",IFERROR(INDEX(FILTER(LookupTables!$H$2:$H$500,(LookupTables!$A$2:$A$500=""collection_map"")*(LookupTables!$B$2:$B$500<>"""")*ISNUMBER(SEARCH(LookupTables!$B$2:$B$500,LOWER($A38&"" ""&$L38&"" ""&$M38)))),1),""""))","=IF($A38="""","""",IFERROR(INDEX(FILTER(LookupTables!$G$2:$G$500,(LookupTables!$A$2:$A$500=""product_type_map"")*(LookupTables!$B$2:$B$500<>"""")*ISNUMBER(SEARCH(LookupTables!$B$2:$B$500,LOWER($A38&"" ""&$L38&"" ""&$M38)))),1),""""))",,,,,,,,,,,,,,,,,,,,,,,,,,,,,,,,,,,,,,,,
,,"=IF($A39="""","""",IFERROR(INDEX(FILTER(LookupTables!$K$2:$K$500,(LookupTables!$A$2:$A$500=""vendor_map"")*(LookupTables!$L$2:$L$500<>"""")*ISNUMBER(SEARCH(LookupTables!$L$2:$L$500,LOWER($A39)))),1),""""))","=IF($A39="""","""",IFERROR(INDEX(FILTER(LookupTables!$F$2:$F$500,(LookupTables!$A$2:$A$500=""product_type_map"")*(LookupTables!$B$2:$B$500<>"""")*ISNUMBER(SEARCH(LookupTables!$B$2:$B$500,LOWER($A39&"" ""&$L39&"" ""&$M39)))),1),""""))","=IF($A39="""","""",IFERROR(INDEX(FILTER(LookupTables!$H$2:$H$500,(LookupTables!$A$2:$A$500=""collection_map"")*(LookupTables!$B$2:$B$500<>"""")*ISNUMBER(SEARCH(LookupTables!$B$2:$B$500,LOWER($A39&"" ""&$L39&"" ""&$M39)))),1),""""))","=IF($A39="""","""",IFERROR(INDEX(FILTER(LookupTables!$G$2:$G$500,(LookupTables!$A$2:$A$500=""product_type_map"")*(LookupTables!$B$2:$B$500<>"""")*ISNUMBER(SEARCH(LookupTables!$B$2:$B$500,LOWER($A39&"" ""&$L39&"" ""&$M39)))),1),""""))",,,,,,,,,,,,,,,,,,,,,,,,,,,,,,,,,,,,,,,,
,,"=IF($A40="""","""",IFERROR(INDEX(FILTER(LookupTables!$K$2:$K$500,(LookupTables!$A$2:$A$500=""vendor_map"")*(LookupTables!$L$2:$L$500<>"""")*ISNUMBER(SEARCH(LookupTables!$L$2:$L$500,LOWER($A40)))),1),""""))","=IF($A40="""","""",IFERROR(INDEX(FILTER(LookupTables!$F$2:$F$500,(LookupTables!$A$2:$A$500=""product_type_map"")*(LookupTables!$B$2:$B$500<>"""")*ISNUMBER(SEARCH(LookupTables!$B$2:$B$500,LOWER($A40&"" ""&$L40&"" ""&$M40)))),1),""""))","=IF($A40="""","""",IFERROR(INDEX(FILTER(LookupTables!$H$2:$H$500,(LookupTables!$A$2:$A$500=""collection_map"")*(LookupTables!$B$2:$B$500<>"""")*ISNUMBER(SEARCH(LookupTables!$B$2:$B$500,LOWER($A40&"" ""&$L40&"" ""&$M40)))),1),""""))","=IF($A40="""","""",IFERROR(INDEX(FILTER(LookupTables!$G$2:$G$500,(LookupTables!$A$2:$A$500=""product_type_map"")*(LookupTables!$B$2:$B$500<>"""")*ISNUMBER(SEARCH(LookupTables!$B$2:$B$500,LOWER($A40&"" ""&$L40&"" ""&$M40)))),1),""""))",,,,,,,,,,,,,,,,,,,,,,,,,,,,,,,,,,,,,,,,
,,"=IF($A41="""","""",IFERROR(INDEX(FILTER(LookupTables!$K$2:$K$500,(LookupTables!$A$2:$A$500=""vendor_map"")*(LookupTables!$L$2:$L$500<>"""")*ISNUMBER(SEARCH(LookupTables!$L$2:$L$500,LOWER($A41)))),1),""""))","=IF($A41="""","""",IFERROR(INDEX(FILTER(LookupTables!$F$2:$F$500,(LookupTables!$A$2:$A$500=""product_type_map"")*(LookupTables!$B$2:$B$500<>"""")*ISNUMBER(SEARCH(LookupTables!$B$2:$B$500,LOWER($A41&"" ""&$L41&"" ""&$M41)))),1),""""))","=IF($A41="""","""",IFERROR(INDEX(FILTER(LookupTables!$H$2:$H$500,(LookupTables!$A$2:$A$500=""collection_map"")*(LookupTables!$B$2:$B$500<>"""")*ISNUMBER(SEARCH(LookupTables!$B$2:$B$500,LOWER($A41&"" ""&$L41&"" ""&$M41)))),1),""""))","=IF($A41="""","""",IFERROR(INDEX(FILTER(LookupTables!$G$2:$G$500,(LookupTables!$A$2:$A$500=""product_type_map"")*(LookupTables!$B$2:$B$500<>"""")*ISNUMBER(SEARCH(LookupTables!$B$2:$B$500,LOWER($A41&"" ""&$L41&"" ""&$M41)))),1),""""))",,,,,,,,,,,,,,,,,,,,,,,,,,,,,,,,,,,,,,,,
,,"=IF($A42="""","""",IFERROR(INDEX(FILTER(LookupTables!$K$2:$K$500,(LookupTables!$A$2:$A$500=""vendor_map"")*(LookupTables!$L$2:$L$500<>"""")*ISNUMBER(SEARCH(LookupTables!$L$2:$L$500,LOWER($A42)))),1),""""))","=IF($A42="""","""",IFERROR(INDEX(FILTER(LookupTables!$F$2:$F$500,(LookupTables!$A$2:$A$500=""product_type_map"")*(LookupTables!$B$2:$B$500<>"""")*ISNUMBER(SEARCH(LookupTables!$B$2:$B$500,LOWER($A42&"" ""&$L42&"" ""&$M42)))),1),""""))","=IF($A42="""","""",IFERROR(INDEX(FILTER(LookupTables!$H$2:$H$500,(LookupTables!$A$2:$A$500=""collection_map"")*(LookupTables!$B$2:$B$500<>"""")*ISNUMBER(SEARCH(LookupTables!$B$2:$B$500,LOWER($A42&"" ""&$L42&"" ""&$M42)))),1),""""))","=IF($A42="""","""",IFERROR(INDEX(FILTER(LookupTables!$G$2:$G$500,(LookupTables!$A$2:$A$500=""product_type_map"")*(LookupTables!$B$2:$B$500<>"""")*ISNUMBER(SEARCH(LookupTables!$B$2:$B$500,LOWER($A42&"" ""&$L42&"" ""&$M42)))),1),""""))",,,,,,,,,,,,,,,,,,,,,,,,,,,,,,,,,,,,,,,,
,,"=IF($A43="""","""",IFERROR(INDEX(FILTER(LookupTables!$K$2:$K$500,(LookupTables!$A$2:$A$500=""vendor_map"")*(LookupTables!$L$2:$L$500<>"""")*ISNUMBER(SEARCH(LookupTables!$L$2:$L$500,LOWER($A43)))),1),""""))","=IF($A43="""","""",IFERROR(INDEX(FILTER(LookupTables!$F$2:$F$500,(LookupTables!$A$2:$A$500=""product_type_map"")*(LookupTables!$B$2:$B$500<>"""")*ISNUMBER(SEARCH(LookupTables!$B$2:$B$500,LOWER($A43&"" ""&$L43&"" ""&$M43)))),1),""""))","=IF($A43="""","""",IFERROR(INDEX(FILTER(LookupTables!$H$2:$H$500,(LookupTables!$A$2:$A$500=""collection_map"")*(LookupTables!$B$2:$B$500<>"""")*ISNUMBER(SEARCH(LookupTables!$B$2:$B$500,LOWER($A43&"" ""&$L43&"" ""&$M43)))),1),""""))","=IF($A43="""","""",IFERROR(INDEX(FILTER(LookupTables!$G$2:$G$500,(LookupTables!$A$2:$A$500=""product_type_map"")*(LookupTables!$B$2:$B$500<>"""")*ISNUMBER(SEARCH(LookupTables!$B$2:$B$500,LOWER($A43&"" ""&$L43&"" ""&$M43)))),1),""""))",,,,,,,,,,,,,,,,,,,,,,,,,,,,,,,,,,,,,,,,
,,"=IF($A44="""","""",IFERROR(INDEX(FILTER(LookupTables!$K$2:$K$500,(LookupTables!$A$2:$A$500=""vendor_map"")*(LookupTables!$L$2:$L$500<>"""")*ISNUMBER(SEARCH(LookupTables!$L$2:$L$500,LOWER($A44)))),1),""""))","=IF($A44="""","""",IFERROR(INDEX(FILTER(LookupTables!$F$2:$F$500,(LookupTables!$A$2:$A$500=""product_type_map"")*(LookupTables!$B$2:$B$500<>"""")*ISNUMBER(SEARCH(LookupTables!$B$2:$B$500,LOWER($A44&"" ""&$L44&"" ""&$M44)))),1),""""))","=IF($A44="""","""",IFERROR(INDEX(FILTER(LookupTables!$H$2:$H$500,(LookupTables!$A$2:$A$500=""collection_map"")*(LookupTables!$B$2:$B$500<>"""")*ISNUMBER(SEARCH(LookupTables!$B$2:$B$500,LOWER($A44&"" ""&$L44&"" ""&$M44)))),1),""""))","=IF($A44="""","""",IFERROR(INDEX(FILTER(LookupTables!$G$2:$G$500,(LookupTables!$A$2:$A$500=""product_type_map"")*(LookupTables!$B$2:$B$500<>"""")*ISNUMBER(SEARCH(LookupTables!$B$2:$B$500,LOWER($A44&"" ""&$L44&"" ""&$M44)))),1),""""))",,,,,,,,,,,,,,,,,,,,,,,,,,,,,,,,,,,,,,,,
,,"=IF($A45="""","""",IFERROR(INDEX(FILTER(LookupTables!$K$2:$K$500,(LookupTables!$A$2:$A$500=""vendor_map"")*(LookupTables!$L$2:$L$500<>"""")*ISNUMBER(SEARCH(LookupTables!$L$2:$L$500,LOWER($A45)))),1),""""))","=IF($A45="""","""",IFERROR(INDEX(FILTER(LookupTables!$F$2:$F$500,(LookupTables!$A$2:$A$500=""product_type_map"")*(LookupTables!$B$2:$B$500<>"""")*ISNUMBER(SEARCH(LookupTables!$B$2:$B$500,LOWER($A45&"" ""&$L45&"" ""&$M45)))),1),""""))","=IF($A45="""","""",IFERROR(INDEX(FILTER(LookupTables!$H$2:$H$500,(LookupTables!$A$2:$A$500=""collection_map"")*(LookupTables!$B$2:$B$500<>"""")*ISNUMBER(SEARCH(LookupTables!$B$2:$B$500,LOWER($A45&"" ""&$L45&"" ""&$M45)))),1),""""))","=IF($A45="""","""",IFERROR(INDEX(FILTER(LookupTables!$G$2:$G$500,(LookupTables!$A$2:$A$500=""product_type_map"")*(LookupTables!$B$2:$B$500<>"""")*ISNUMBER(SEARCH(LookupTables!$B$2:$B$500,LOWER($A45&"" ""&$L45&"" ""&$M45)))),1),""""))",,,,,,,,,,,,,,,,,,,,,,,,,,,,,,,,,,,,,,,,
,,"=IF($A46="""","""",IFERROR(INDEX(FILTER(LookupTables!$K$2:$K$500,(LookupTables!$A$2:$A$500=""vendor_map"")*(LookupTables!$L$2:$L$500<>"""")*ISNUMBER(SEARCH(LookupTables!$L$2:$L$500,LOWER($A46)))),1),""""))","=IF($A46="""","""",IFERROR(INDEX(FILTER(LookupTables!$F$2:$F$500,(LookupTables!$A$2:$A$500=""product_type_map"")*(LookupTables!$B$2:$B$500<>"""")*ISNUMBER(SEARCH(LookupTables!$B$2:$B$500,LOWER($A46&"" ""&$L46&"" ""&$M46)))),1),""""))","=IF($A46="""","""",IFERROR(INDEX(FILTER(LookupTables!$H$2:$H$500,(LookupTables!$A$2:$A$500=""collection_map"")*(LookupTables!$B$2:$B$500<>"""")*ISNUMBER(SEARCH(LookupTables!$B$2:$B$500,LOWER($A46&"" ""&$L46&"" ""&$M46)))),1),""""))","=IF($A46="""","""",IFERROR(INDEX(FILTER(LookupTables!$G$2:$G$500,(LookupTables!$A$2:$A$500=""product_type_map"")*(LookupTables!$B$2:$B$500<>"""")*ISNUMBER(SEARCH(LookupTables!$B$2:$B$500,LOWER($A46&"" ""&$L46&"" ""&$M46)))),1),""""))",,,,,,,,,,,,,,,,,,,,,,,,,,,,,,,,,,,,,,,,
,,"=IF($A47="""","""",IFERROR(INDEX(FILTER(LookupTables!$K$2:$K$500,(LookupTables!$A$2:$A$500=""vendor_map"")*(LookupTables!$L$2:$L$500<>"""")*ISNUMBER(SEARCH(LookupTables!$L$2:$L$500,LOWER($A47)))),1),""""))","=IF($A47="""","""",IFERROR(INDEX(FILTER(LookupTables!$F$2:$F$500,(LookupTables!$A$2:$A$500=""product_type_map"")*(LookupTables!$B$2:$B$500<>"""")*ISNUMBER(SEARCH(LookupTables!$B$2:$B$500,LOWER($A47&"" ""&$L47&"" ""&$M47)))),1),""""))","=IF($A47="""","""",IFERROR(INDEX(FILTER(LookupTables!$H$2:$H$500,(LookupTables!$A$2:$A$500=""collection_map"")*(LookupTables!$B$2:$B$500<>"""")*ISNUMBER(SEARCH(LookupTables!$B$2:$B$500,LOWER($A47&"" ""&$L47&"" ""&$M47)))),1),""""))","=IF($A47="""","""",IFERROR(INDEX(FILTER(LookupTables!$G$2:$G$500,(LookupTables!$A$2:$A$500=""product_type_map"")*(LookupTables!$B$2:$B$500<>"""")*ISNUMBER(SEARCH(LookupTables!$B$2:$B$500,LOWER($A47&"" ""&$L47&"" ""&$M47)))),1),""""))",,,,,,,,,,,,,,,,,,,,,,,,,,,,,,,,,,,,,,,,
,,"=IF($A48="""","""",IFERROR(INDEX(FILTER(LookupTables!$K$2:$K$500,(LookupTables!$A$2:$A$500=""vendor_map"")*(LookupTables!$L$2:$L$500<>"""")*ISNUMBER(SEARCH(LookupTables!$L$2:$L$500,LOWER($A48)))),1),""""))","=IF($A48="""","""",IFERROR(INDEX(FILTER(LookupTables!$F$2:$F$500,(LookupTables!$A$2:$A$500=""product_type_map"")*(LookupTables!$B$2:$B$500<>"""")*ISNUMBER(SEARCH(LookupTables!$B$2:$B$500,LOWER($A48&"" ""&$L48&"" ""&$M48)))),1),""""))","=IF($A48="""","""",IFERROR(INDEX(FILTER(LookupTables!$H$2:$H$500,(LookupTables!$A$2:$A$500=""collection_map"")*(LookupTables!$B$2:$B$500<>"""")*ISNUMBER(SEARCH(LookupTables!$B$2:$B$500,LOWER($A48&"" ""&$L48&"" ""&$M48)))),1),""""))","=IF($A48="""","""",IFERROR(INDEX(FILTER(LookupTables!$G$2:$G$500,(LookupTables!$A$2:$A$500=""product_type_map"")*(LookupTables!$B$2:$B$500<>"""")*ISNUMBER(SEARCH(LookupTables!$B$2:$B$500,LOWER($A48&"" ""&$L48&"" ""&$M48)))),1),""""))",,,,,,,,,,,,,,,,,,,,,,,,,,,,,,,,,,,,,,,,
,,"=IF($A49="""","""",IFERROR(INDEX(FILTER(LookupTables!$K$2:$K$500,(LookupTables!$A$2:$A$500=""vendor_map"")*(LookupTables!$L$2:$L$500<>"""")*ISNUMBER(SEARCH(LookupTables!$L$2:$L$500,LOWER($A49)))),1),""""))","=IF($A49="""","""",IFERROR(INDEX(FILTER(LookupTables!$F$2:$F$500,(LookupTables!$A$2:$A$500=""product_type_map"")*(LookupTables!$B$2:$B$500<>"""")*ISNUMBER(SEARCH(LookupTables!$B$2:$B$500,LOWER($A49&"" ""&$L49&"" ""&$M49)))),1),""""))","=IF($A49="""","""",IFERROR(INDEX(FILTER(LookupTables!$H$2:$H$500,(LookupTables!$A$2:$A$500=""collection_map"")*(LookupTables!$B$2:$B$500<>"""")*ISNUMBER(SEARCH(LookupTables!$B$2:$B$500,LOWER($A49&"" ""&$L49&"" ""&$M49)))),1),""""))","=IF($A49="""","""",IFERROR(INDEX(FILTER(LookupTables!$G$2:$G$500,(LookupTables!$A$2:$A$500=""product_type_map"")*(LookupTables!$B$2:$B$500<>"""")*ISNUMBER(SEARCH(LookupTables!$B$2:$B$500,LOWER($A49&"" ""&$L49&"" ""&$M49)))),1),""""))",,,,,,,,,,,,,,,,,,,,,,,,,,,,,,,,,,,,,,,,
,,"=IF($A50="""","""",IFERROR(INDEX(FILTER(LookupTables!$K$2:$K$500,(LookupTables!$A$2:$A$500=""vendor_map"")*(LookupTables!$L$2:$L$500<>"""")*ISNUMBER(SEARCH(LookupTables!$L$2:$L$500,LOWER($A50)))),1),""""))","=IF($A50="""","""",IFERROR(INDEX(FILTER(LookupTables!$F$2:$F$500,(LookupTables!$A$2:$A$500=""product_type_map"")*(LookupTables!$B$2:$B$500<>"""")*ISNUMBER(SEARCH(LookupTables!$B$2:$B$500,LOWER($A50&"" ""&$L50&"" ""&$M50)))),1),""""))","=IF($A50="""","""",IFERROR(INDEX(FILTER(LookupTables!$H$2:$H$500,(LookupTables!$A$2:$A$500=""collection_map"")*(LookupTables!$B$2:$B$500<>"""")*ISNUMBER(SEARCH(LookupTables!$B$2:$B$500,LOWER($A50&"" ""&$L50&"" ""&$M50)))),1),""""))","=IF($A50="""","""",IFERROR(INDEX(FILTER(LookupTables!$G$2:$G$500,(LookupTables!$A$2:$A$500=""product_type_map"")*(LookupTables!$B$2:$B$500<>"""")*ISNUMBER(SEARCH(LookupTables!$B$2:$B$500,LOWER($A50&"" ""&$L50&"" ""&$M50)))),1),""""))",,,,,,,,,,,,,,,,,,,,,,,,,,,,,,,,,,,,,,,,
,,"=IF($A51="""","""",IFERROR(INDEX(FILTER(LookupTables!$K$2:$K$500,(LookupTables!$A$2:$A$500=""vendor_map"")*(LookupTables!$L$2:$L$500<>"""")*ISNUMBER(SEARCH(LookupTables!$L$2:$L$500,LOWER($A51)))),1),""""))","=IF($A51="""","""",IFERROR(INDEX(FILTER(LookupTables!$F$2:$F$500,(LookupTables!$A$2:$A$500=""product_type_map"")*(LookupTables!$B$2:$B$500<>"""")*ISNUMBER(SEARCH(LookupTables!$B$2:$B$500,LOWER($A51&"" ""&$L51&"" ""&$M51)))),1),""""))","=IF($A51="""","""",IFERROR(INDEX(FILTER(LookupTables!$H$2:$H$500,(LookupTables!$A$2:$A$500=""collection_map"")*(LookupTables!$B$2:$B$500<>"""")*ISNUMBER(SEARCH(LookupTables!$B$2:$B$500,LOWER($A51&"" ""&$L51&"" ""&$M51)))),1),""""))","=IF($A51="""","""",IFERROR(INDEX(FILTER(LookupTables!$G$2:$G$500,(LookupTables!$A$2:$A$500=""product_type_map"")*(LookupTables!$B$2:$B$500<>"""")*ISNUMBER(SEARCH(LookupTables!$B$2:$B$500,LOWER($A51&"" ""&$L51&"" ""&$M51)))),1),""""))",,,,,,,,,,,,,,,,,,,,,,,,,,,,,,,,,,,,,,,,
,,"=IF($A52="""","""",IFERROR(INDEX(FILTER(LookupTables!$K$2:$K$500,(LookupTables!$A$2:$A$500=""vendor_map"")*(LookupTables!$L$2:$L$500<>"""")*ISNUMBER(SEARCH(LookupTables!$L$2:$L$500,LOWER($A52)))),1),""""))","=IF($A52="""","""",IFERROR(INDEX(FILTER(LookupTables!$F$2:$F$500,(LookupTables!$A$2:$A$500=""product_type_map"")*(LookupTables!$B$2:$B$500<>"""")*ISNUMBER(SEARCH(LookupTables!$B$2:$B$500,LOWER($A52&"" ""&$L52&"" ""&$M52)))),1),""""))","=IF($A52="""","""",IFERROR(INDEX(FILTER(LookupTables!$H$2:$H$500,(LookupTables!$A$2:$A$500=""collection_map"")*(LookupTables!$B$2:$B$500<>"""")*ISNUMBER(SEARCH(LookupTables!$B$2:$B$500,LOWER($A52&"" ""&$L52&"" ""&$M52)))),1),""""))","=IF($A52="""","""",IFERROR(INDEX(FILTER(LookupTables!$G$2:$G$500,(LookupTables!$A$2:$A$500=""product_type_map"")*(LookupTables!$B$2:$B$500<>"""")*ISNUMBER(SEARCH(LookupTables!$B$2:$B$500,LOWER($A52&"" ""&$L52&"" ""&$M52)))),1),""""))",,,,,,,,,,,,,,,,,,,,,,,,,,,,,,,,,,,,,,,,
,,"=IF($A53="""","""",IFERROR(INDEX(FILTER(LookupTables!$K$2:$K$500,(LookupTables!$A$2:$A$500=""vendor_map"")*(LookupTables!$L$2:$L$500<>"""")*ISNUMBER(SEARCH(LookupTables!$L$2:$L$500,LOWER($A53)))),1),""""))","=IF($A53="""","""",IFERROR(INDEX(FILTER(LookupTables!$F$2:$F$500,(LookupTables!$A$2:$A$500=""product_type_map"")*(LookupTables!$B$2:$B$500<>"""")*ISNUMBER(SEARCH(LookupTables!$B$2:$B$500,LOWER($A53&"" ""&$L53&"" ""&$M53)))),1),""""))","=IF($A53="""","""",IFERROR(INDEX(FILTER(LookupTables!$H$2:$H$500,(LookupTables!$A$2:$A$500=""collection_map"")*(LookupTables!$B$2:$B$500<>"""")*ISNUMBER(SEARCH(LookupTables!$B$2:$B$500,LOWER($A53&"" ""&$L53&"" ""&$M53)))),1),""""))","=IF($A53="""","""",IFERROR(INDEX(FILTER(LookupTables!$G$2:$G$500,(LookupTables!$A$2:$A$500=""product_type_map"")*(LookupTables!$B$2:$B$500<>"""")*ISNUMBER(SEARCH(LookupTables!$B$2:$B$500,LOWER($A53&"" ""&$L53&"" ""&$M53)))),1),""""))",,,,,,,,,,,,,,,,,,,,,,,,,,,,,,,,,,,,,,,,
,,"=IF($A54="""","""",IFERROR(INDEX(FILTER(LookupTables!$K$2:$K$500,(LookupTables!$A$2:$A$500=""vendor_map"")*(LookupTables!$L$2:$L$500<>"""")*ISNUMBER(SEARCH(LookupTables!$L$2:$L$500,LOWER($A54)))),1),""""))","=IF($A54="""","""",IFERROR(INDEX(FILTER(LookupTables!$F$2:$F$500,(LookupTables!$A$2:$A$500=""product_type_map"")*(LookupTables!$B$2:$B$500<>"""")*ISNUMBER(SEARCH(LookupTables!$B$2:$B$500,LOWER($A54&"" ""&$L54&"" ""&$M54)))),1),""""))","=IF($A54="""","""",IFERROR(INDEX(FILTER(LookupTables!$H$2:$H$500,(LookupTables!$A$2:$A$500=""collection_map"")*(LookupTables!$B$2:$B$500<>"""")*ISNUMBER(SEARCH(LookupTables!$B$2:$B$500,LOWER($A54&"" ""&$L54&"" ""&$M54)))),1),""""))","=IF($A54="""","""",IFERROR(INDEX(FILTER(LookupTables!$G$2:$G$500,(LookupTables!$A$2:$A$500=""product_type_map"")*(LookupTables!$B$2:$B$500<>"""")*ISNUMBER(SEARCH(LookupTables!$B$2:$B$500,LOWER($A54&"" ""&$L54&"" ""&$M54)))),1),""""))",,,,,,,,,,,,,,,,,,,,,,,,,,,,,,,,,,,,,,,,
,,"=IF($A55="""","""",IFERROR(INDEX(FILTER(LookupTables!$K$2:$K$500,(LookupTables!$A$2:$A$500=""vendor_map"")*(LookupTables!$L$2:$L$500<>"""")*ISNUMBER(SEARCH(LookupTables!$L$2:$L$500,LOWER($A55)))),1),""""))","=IF($A55="""","""",IFERROR(INDEX(FILTER(LookupTables!$F$2:$F$500,(LookupTables!$A$2:$A$500=""product_type_map"")*(LookupTables!$B$2:$B$500<>"""")*ISNUMBER(SEARCH(LookupTables!$B$2:$B$500,LOWER($A55&"" ""&$L55&"" ""&$M55)))),1),""""))","=IF($A55="""","""",IFERROR(INDEX(FILTER(LookupTables!$H$2:$H$500,(LookupTables!$A$2:$A$500=""collection_map"")*(LookupTables!$B$2:$B$500<>"""")*ISNUMBER(SEARCH(LookupTables!$B$2:$B$500,LOWER($A55&"" ""&$L55&"" ""&$M55)))),1),""""))","=IF($A55="""","""",IFERROR(INDEX(FILTER(LookupTables!$G$2:$G$500,(LookupTables!$A$2:$A$500=""product_type_map"")*(LookupTables!$B$2:$B$500<>"""")*ISNUMBER(SEARCH(LookupTables!$B$2:$B$500,LOWER($A55&"" ""&$L55&"" ""&$M55)))),1),""""))",,,,,,,,,,,,,,,,,,,,,,,,,,,,,,,,,,,,,,,,
,,"=IF($A56="""","""",IFERROR(INDEX(FILTER(LookupTables!$K$2:$K$500,(LookupTables!$A$2:$A$500=""vendor_map"")*(LookupTables!$L$2:$L$500<>"""")*ISNUMBER(SEARCH(LookupTables!$L$2:$L$500,LOWER($A56)))),1),""""))","=IF($A56="""","""",IFERROR(INDEX(FILTER(LookupTables!$F$2:$F$500,(LookupTables!$A$2:$A$500=""product_type_map"")*(LookupTables!$B$2:$B$500<>"""")*ISNUMBER(SEARCH(LookupTables!$B$2:$B$500,LOWER($A56&"" ""&$L56&"" ""&$M56)))),1),""""))","=IF($A56="""","""",IFERROR(INDEX(FILTER(LookupTables!$H$2:$H$500,(LookupTables!$A$2:$A$500=""collection_map"")*(LookupTables!$B$2:$B$500<>"""")*ISNUMBER(SEARCH(LookupTables!$B$2:$B$500,LOWER($A56&"" ""&$L56&"" ""&$M56)))),1),""""))","=IF($A56="""","""",IFERROR(INDEX(FILTER(LookupTables!$G$2:$G$500,(LookupTables!$A$2:$A$500=""product_type_map"")*(LookupTables!$B$2:$B$500<>"""")*ISNUMBER(SEARCH(LookupTables!$B$2:$B$500,LOWER($A56&"" ""&$L56&"" ""&$M56)))),1),""""))",,,,,,,,,,,,,,,,,,,,,,,,,,,,,,,,,,,,,,,,
,,"=IF($A57="""","""",IFERROR(INDEX(FILTER(LookupTables!$K$2:$K$500,(LookupTables!$A$2:$A$500=""vendor_map"")*(LookupTables!$L$2:$L$500<>"""")*ISNUMBER(SEARCH(LookupTables!$L$2:$L$500,LOWER($A57)))),1),""""))","=IF($A57="""","""",IFERROR(INDEX(FILTER(LookupTables!$F$2:$F$500,(LookupTables!$A$2:$A$500=""product_type_map"")*(LookupTables!$B$2:$B$500<>"""")*ISNUMBER(SEARCH(LookupTables!$B$2:$B$500,LOWER($A57&"" ""&$L57&"" ""&$M57)))),1),""""))","=IF($A57="""","""",IFERROR(INDEX(FILTER(LookupTables!$H$2:$H$500,(LookupTables!$A$2:$A$500=""collection_map"")*(LookupTables!$B$2:$B$500<>"""")*ISNUMBER(SEARCH(LookupTables!$B$2:$B$500,LOWER($A57&"" ""&$L57&"" ""&$M57)))),1),""""))","=IF($A57="""","""",IFERROR(INDEX(FILTER(LookupTables!$G$2:$G$500,(LookupTables!$A$2:$A$500=""product_type_map"")*(LookupTables!$B$2:$B$500<>"""")*ISNUMBER(SEARCH(LookupTables!$B$2:$B$500,LOWER($A57&"" ""&$L57&"" ""&$M57)))),1),""""))",,,,,,,,,,,,,,,,,,,,,,,,,,,,,,,,,,,,,,,,
,,"=IF($A58="""","""",IFERROR(INDEX(FILTER(LookupTables!$K$2:$K$500,(LookupTables!$A$2:$A$500=""vendor_map"")*(LookupTables!$L$2:$L$500<>"""")*ISNUMBER(SEARCH(LookupTables!$L$2:$L$500,LOWER($A58)))),1),""""))","=IF($A58="""","""",IFERROR(INDEX(FILTER(LookupTables!$F$2:$F$500,(LookupTables!$A$2:$A$500=""product_type_map"")*(LookupTables!$B$2:$B$500<>"""")*ISNUMBER(SEARCH(LookupTables!$B$2:$B$500,LOWER($A58&"" ""&$L58&"" ""&$M58)))),1),""""))","=IF($A58="""","""",IFERROR(INDEX(FILTER(LookupTables!$H$2:$H$500,(LookupTables!$A$2:$A$500=""collection_map"")*(LookupTables!$B$2:$B$500<>"""")*ISNUMBER(SEARCH(LookupTables!$B$2:$B$500,LOWER($A58&"" ""&$L58&"" ""&$M58)))),1),""""))","=IF($A58="""","""",IFERROR(INDEX(FILTER(LookupTables!$G$2:$G$500,(LookupTables!$A$2:$A$500=""product_type_map"")*(LookupTables!$B$2:$B$500<>"""")*ISNUMBER(SEARCH(LookupTables!$B$2:$B$500,LOWER($A58&"" ""&$L58&"" ""&$M58)))),1),""""))",,,,,,,,,,,,,,,,,,,,,,,,,,,,,,,,,,,,,,,,
,,"=IF($A59="""","""",IFERROR(INDEX(FILTER(LookupTables!$K$2:$K$500,(LookupTables!$A$2:$A$500=""vendor_map"")*(LookupTables!$L$2:$L$500<>"""")*ISNUMBER(SEARCH(LookupTables!$L$2:$L$500,LOWER($A59)))),1),""""))","=IF($A59="""","""",IFERROR(INDEX(FILTER(LookupTables!$F$2:$F$500,(LookupTables!$A$2:$A$500=""product_type_map"")*(LookupTables!$B$2:$B$500<>"""")*ISNUMBER(SEARCH(LookupTables!$B$2:$B$500,LOWER($A59&"" ""&$L59&"" ""&$M59)))),1),""""))","=IF($A59="""","""",IFERROR(INDEX(FILTER(LookupTables!$H$2:$H$500,(LookupTables!$A$2:$A$500=""collection_map"")*(LookupTables!$B$2:$B$500<>"""")*ISNUMBER(SEARCH(LookupTables!$B$2:$B$500,LOWER($A59&"" ""&$L59&"" ""&$M59)))),1),""""))","=IF($A59="""","""",IFERROR(INDEX(FILTER(LookupTables!$G$2:$G$500,(LookupTables!$A$2:$A$500=""product_type_map"")*(LookupTables!$B$2:$B$500<>"""")*ISNUMBER(SEARCH(LookupTables!$B$2:$B$500,LOWER($A59&"" ""&$L59&"" ""&$M59)))),1),""""))",,,,,,,,,,,,,,,,,,,,,,,,,,,,,,,,,,,,,,,,
,,"=IF($A60="""","""",IFERROR(INDEX(FILTER(LookupTables!$K$2:$K$500,(LookupTables!$A$2:$A$500=""vendor_map"")*(LookupTables!$L$2:$L$500<>"""")*ISNUMBER(SEARCH(LookupTables!$L$2:$L$500,LOWER($A60)))),1),""""))","=IF($A60="""","""",IFERROR(INDEX(FILTER(LookupTables!$F$2:$F$500,(LookupTables!$A$2:$A$500=""product_type_map"")*(LookupTables!$B$2:$B$500<>"""")*ISNUMBER(SEARCH(LookupTables!$B$2:$B$500,LOWER($A60&"" ""&$L60&"" ""&$M60)))),1),""""))","=IF($A60="""","""",IFERROR(INDEX(FILTER(LookupTables!$H$2:$H$500,(LookupTables!$A$2:$A$500=""collection_map"")*(LookupTables!$B$2:$B$500<>"""")*ISNUMBER(SEARCH(LookupTables!$B$2:$B$500,LOWER($A60&"" ""&$L60&"" ""&$M60)))),1),""""))","=IF($A60="""","""",IFERROR(INDEX(FILTER(LookupTables!$G$2:$G$500,(LookupTables!$A$2:$A$500=""product_type_map"")*(LookupTables!$B$2:$B$500<>"""")*ISNUMBER(SEARCH(LookupTables!$B$2:$B$500,LOWER($A60&"" ""&$L60&"" ""&$M60)))),1),""""))",,,,,,,,,,,,,,,,,,,,,,,,,,,,,,,,,,,,,,,,
,,"=IF($A61="""","""",IFERROR(INDEX(FILTER(LookupTables!$K$2:$K$500,(LookupTables!$A$2:$A$500=""vendor_map"")*(LookupTables!$L$2:$L$500<>"""")*ISNUMBER(SEARCH(LookupTables!$L$2:$L$500,LOWER($A61)))),1),""""))","=IF($A61="""","""",IFERROR(INDEX(FILTER(LookupTables!$F$2:$F$500,(LookupTables!$A$2:$A$500=""product_type_map"")*(LookupTables!$B$2:$B$500<>"""")*ISNUMBER(SEARCH(LookupTables!$B$2:$B$500,LOWER($A61&"" ""&$L61&"" ""&$M61)))),1),""""))","=IF($A61="""","""",IFERROR(INDEX(FILTER(LookupTables!$H$2:$H$500,(LookupTables!$A$2:$A$500=""collection_map"")*(LookupTables!$B$2:$B$500<>"""")*ISNUMBER(SEARCH(LookupTables!$B$2:$B$500,LOWER($A61&"" ""&$L61&"" ""&$M61)))),1),""""))","=IF($A61="""","""",IFERROR(INDEX(FILTER(LookupTables!$G$2:$G$500,(LookupTables!$A$2:$A$500=""product_type_map"")*(LookupTables!$B$2:$B$500<>"""")*ISNUMBER(SEARCH(LookupTables!$B$2:$B$500,LOWER($A61&"" ""&$L61&"" ""&$M61)))),1),""""))",,,,,,,,,,,,,,,,,,,,,,,,,,,,,,,,,,,,,,,,
,,"=IF($A62="""","""",IFERROR(INDEX(FILTER(LookupTables!$K$2:$K$500,(LookupTables!$A$2:$A$500=""vendor_map"")*(LookupTables!$L$2:$L$500<>"""")*ISNUMBER(SEARCH(LookupTables!$L$2:$L$500,LOWER($A62)))),1),""""))","=IF($A62="""","""",IFERROR(INDEX(FILTER(LookupTables!$F$2:$F$500,(LookupTables!$A$2:$A$500=""product_type_map"")*(LookupTables!$B$2:$B$500<>"""")*ISNUMBER(SEARCH(LookupTables!$B$2:$B$500,LOWER($A62&"" ""&$L62&"" ""&$M62)))),1),""""))","=IF($A62="""","""",IFERROR(INDEX(FILTER(LookupTables!$H$2:$H$500,(LookupTables!$A$2:$A$500=""collection_map"")*(LookupTables!$B$2:$B$500<>"""")*ISNUMBER(SEARCH(LookupTables!$B$2:$B$500,LOWER($A62&"" ""&$L62&"" ""&$M62)))),1),""""))","=IF($A62="""","""",IFERROR(INDEX(FILTER(LookupTables!$G$2:$G$500,(LookupTables!$A$2:$A$500=""product_type_map"")*(LookupTables!$B$2:$B$500<>"""")*ISNUMBER(SEARCH(LookupTables!$B$2:$B$500,LOWER($A62&"" ""&$L62&"" ""&$M62)))),1),""""))",,,,,,,,,,,,,,,,,,,,,,,,,,,,,,,,,,,,,,,,
,,"=IF($A63="""","""",IFERROR(INDEX(FILTER(LookupTables!$K$2:$K$500,(LookupTables!$A$2:$A$500=""vendor_map"")*(LookupTables!$L$2:$L$500<>"""")*ISNUMBER(SEARCH(LookupTables!$L$2:$L$500,LOWER($A63)))),1),""""))","=IF($A63="""","""",IFERROR(INDEX(FILTER(LookupTables!$F$2:$F$500,(LookupTables!$A$2:$A$500=""product_type_map"")*(LookupTables!$B$2:$B$500<>"""")*ISNUMBER(SEARCH(LookupTables!$B$2:$B$500,LOWER($A63&"" ""&$L63&"" ""&$M63)))),1),""""))","=IF($A63="""","""",IFERROR(INDEX(FILTER(LookupTables!$H$2:$H$500,(LookupTables!$A$2:$A$500=""collection_map"")*(LookupTables!$B$2:$B$500<>"""")*ISNUMBER(SEARCH(LookupTables!$B$2:$B$500,LOWER($A63&"" ""&$L63&"" ""&$M63)))),1),""""))","=IF($A63="""","""",IFERROR(INDEX(FILTER(LookupTables!$G$2:$G$500,(LookupTables!$A$2:$A$500=""product_type_map"")*(LookupTables!$B$2:$B$500<>"""")*ISNUMBER(SEARCH(LookupTables!$B$2:$B$500,LOWER($A63&"" ""&$L63&"" ""&$M63)))),1),""""))",,,,,,,,,,,,,,,,,,,,,,,,,,,,,,,,,,,,,,,,
,,"=IF($A64="""","""",IFERROR(INDEX(FILTER(LookupTables!$K$2:$K$500,(LookupTables!$A$2:$A$500=""vendor_map"")*(LookupTables!$L$2:$L$500<>"""")*ISNUMBER(SEARCH(LookupTables!$L$2:$L$500,LOWER($A64)))),1),""""))","=IF($A64="""","""",IFERROR(INDEX(FILTER(LookupTables!$F$2:$F$500,(LookupTables!$A$2:$A$500=""product_type_map"")*(LookupTables!$B$2:$B$500<>"""")*ISNUMBER(SEARCH(LookupTables!$B$2:$B$500,LOWER($A64&"" ""&$L64&"" ""&$M64)))),1),""""))","=IF($A64="""","""",IFERROR(INDEX(FILTER(LookupTables!$H$2:$H$500,(LookupTables!$A$2:$A$500=""collection_map"")*(LookupTables!$B$2:$B$500<>"""")*ISNUMBER(SEARCH(LookupTables!$B$2:$B$500,LOWER($A64&"" ""&$L64&"" ""&$M64)))),1),""""))","=IF($A64="""","""",IFERROR(INDEX(FILTER(LookupTables!$G$2:$G$500,(LookupTables!$A$2:$A$500=""product_type_map"")*(LookupTables!$B$2:$B$500<>"""")*ISNUMBER(SEARCH(LookupTables!$B$2:$B$500,LOWER($A64&"" ""&$L64&"" ""&$M64)))),1),""""))",,,,,,,,,,,,,,,,,,,,,,,,,,,,,,,,,,,,,,,,
,,"=IF($A65="""","""",IFERROR(INDEX(FILTER(LookupTables!$K$2:$K$500,(LookupTables!$A$2:$A$500=""vendor_map"")*(LookupTables!$L$2:$L$500<>"""")*ISNUMBER(SEARCH(LookupTables!$L$2:$L$500,LOWER($A65)))),1),""""))","=IF($A65="""","""",IFERROR(INDEX(FILTER(LookupTables!$F$2:$F$500,(LookupTables!$A$2:$A$500=""product_type_map"")*(LookupTables!$B$2:$B$500<>"""")*ISNUMBER(SEARCH(LookupTables!$B$2:$B$500,LOWER($A65&"" ""&$L65&"" ""&$M65)))),1),""""))","=IF($A65="""","""",IFERROR(INDEX(FILTER(LookupTables!$H$2:$H$500,(LookupTables!$A$2:$A$500=""collection_map"")*(LookupTables!$B$2:$B$500<>"""")*ISNUMBER(SEARCH(LookupTables!$B$2:$B$500,LOWER($A65&"" ""&$L65&"" ""&$M65)))),1),""""))","=IF($A65="""","""",IFERROR(INDEX(FILTER(LookupTables!$G$2:$G$500,(LookupTables!$A$2:$A$500=""product_type_map"")*(LookupTables!$B$2:$B$500<>"""")*ISNUMBER(SEARCH(LookupTables!$B$2:$B$500,LOWER($A65&"" ""&$L65&"" ""&$M65)))),1),""""))",,,,,,,,,,,,,,,,,,,,,,,,,,,,,,,,,,,,,,,,
,,"=IF($A66="""","""",IFERROR(INDEX(FILTER(LookupTables!$K$2:$K$500,(LookupTables!$A$2:$A$500=""vendor_map"")*(LookupTables!$L$2:$L$500<>"""")*ISNUMBER(SEARCH(LookupTables!$L$2:$L$500,LOWER($A66)))),1),""""))","=IF($A66="""","""",IFERROR(INDEX(FILTER(LookupTables!$F$2:$F$500,(LookupTables!$A$2:$A$500=""product_type_map"")*(LookupTables!$B$2:$B$500<>"""")*ISNUMBER(SEARCH(LookupTables!$B$2:$B$500,LOWER($A66&"" ""&$L66&"" ""&$M66)))),1),""""))","=IF($A66="""","""",IFERROR(INDEX(FILTER(LookupTables!$H$2:$H$500,(LookupTables!$A$2:$A$500=""collection_map"")*(LookupTables!$B$2:$B$500<>"""")*ISNUMBER(SEARCH(LookupTables!$B$2:$B$500,LOWER($A66&"" ""&$L66&"" ""&$M66)))),1),""""))","=IF($A66="""","""",IFERROR(INDEX(FILTER(LookupTables!$G$2:$G$500,(LookupTables!$A$2:$A$500=""product_type_map"")*(LookupTables!$B$2:$B$500<>"""")*ISNUMBER(SEARCH(LookupTables!$B$2:$B$500,LOWER($A66&"" ""&$L66&"" ""&$M66)))),1),""""))",,,,,,,,,,,,,,,,,,,,,,,,,,,,,,,,,,,,,,,,
,,"=IF($A67="""","""",IFERROR(INDEX(FILTER(LookupTables!$K$2:$K$500,(LookupTables!$A$2:$A$500=""vendor_map"")*(LookupTables!$L$2:$L$500<>"""")*ISNUMBER(SEARCH(LookupTables!$L$2:$L$500,LOWER($A67)))),1),""""))","=IF($A67="""","""",IFERROR(INDEX(FILTER(LookupTables!$F$2:$F$500,(LookupTables!$A$2:$A$500=""product_type_map"")*(LookupTables!$B$2:$B$500<>"""")*ISNUMBER(SEARCH(LookupTables!$B$2:$B$500,LOWER($A67&"" ""&$L67&"" ""&$M67)))),1),""""))","=IF($A67="""","""",IFERROR(INDEX(FILTER(LookupTables!$H$2:$H$500,(LookupTables!$A$2:$A$500=""collection_map"")*(LookupTables!$B$2:$B$500<>"""")*ISNUMBER(SEARCH(LookupTables!$B$2:$B$500,LOWER($A67&"" ""&$L67&"" ""&$M67)))),1),""""))","=IF($A67="""","""",IFERROR(INDEX(FILTER(LookupTables!$G$2:$G$500,(LookupTables!$A$2:$A$500=""product_type_map"")*(LookupTables!$B$2:$B$500<>"""")*ISNUMBER(SEARCH(LookupTables!$B$2:$B$500,LOWER($A67&"" ""&$L67&"" ""&$M67)))),1),""""))",,,,,,,,,,,,,,,,,,,,,,,,,,,,,,,,,,,,,,,,
,,"=IF($A68="""","""",IFERROR(INDEX(FILTER(LookupTables!$K$2:$K$500,(LookupTables!$A$2:$A$500=""vendor_map"")*(LookupTables!$L$2:$L$500<>"""")*ISNUMBER(SEARCH(LookupTables!$L$2:$L$500,LOWER($A68)))),1),""""))","=IF($A68="""","""",IFERROR(INDEX(FILTER(LookupTables!$F$2:$F$500,(LookupTables!$A$2:$A$500=""product_type_map"")*(LookupTables!$B$2:$B$500<>"""")*ISNUMBER(SEARCH(LookupTables!$B$2:$B$500,LOWER($A68&"" ""&$L68&"" ""&$M68)))),1),""""))","=IF($A68="""","""",IFERROR(INDEX(FILTER(LookupTables!$H$2:$H$500,(LookupTables!$A$2:$A$500=""collection_map"")*(LookupTables!$B$2:$B$500<>"""")*ISNUMBER(SEARCH(LookupTables!$B$2:$B$500,LOWER($A68&"" ""&$L68&"" ""&$M68)))),1),""""))","=IF($A68="""","""",IFERROR(INDEX(FILTER(LookupTables!$G$2:$G$500,(LookupTables!$A$2:$A$500=""product_type_map"")*(LookupTables!$B$2:$B$500<>"""")*ISNUMBER(SEARCH(LookupTables!$B$2:$B$500,LOWER($A68&"" ""&$L68&"" ""&$M68)))),1),""""))",,,,,,,,,,,,,,,,,,,,,,,,,,,,,,,,,,,,,,,,
,,"=IF($A69="""","""",IFERROR(INDEX(FILTER(LookupTables!$K$2:$K$500,(LookupTables!$A$2:$A$500=""vendor_map"")*(LookupTables!$L$2:$L$500<>"""")*ISNUMBER(SEARCH(LookupTables!$L$2:$L$500,LOWER($A69)))),1),""""))","=IF($A69="""","""",IFERROR(INDEX(FILTER(LookupTables!$F$2:$F$500,(LookupTables!$A$2:$A$500=""product_type_map"")*(LookupTables!$B$2:$B$500<>"""")*ISNUMBER(SEARCH(LookupTables!$B$2:$B$500,LOWER($A69&"" ""&$L69&"" ""&$M69)))),1),""""))","=IF($A69="""","""",IFERROR(INDEX(FILTER(LookupTables!$H$2:$H$500,(LookupTables!$A$2:$A$500=""collection_map"")*(LookupTables!$B$2:$B$500<>"""")*ISNUMBER(SEARCH(LookupTables!$B$2:$B$500,LOWER($A69&"" ""&$L69&"" ""&$M69)))),1),""""))","=IF($A69="""","""",IFERROR(INDEX(FILTER(LookupTables!$G$2:$G$500,(LookupTables!$A$2:$A$500=""product_type_map"")*(LookupTables!$B$2:$B$500<>"""")*ISNUMBER(SEARCH(LookupTables!$B$2:$B$500,LOWER($A69&"" ""&$L69&"" ""&$M69)))),1),""""))",,,,,,,,,,,,,,,,,,,,,,,,,,,,,,,,,,,,,,,,
,,"=IF($A70="""","""",IFERROR(INDEX(FILTER(LookupTables!$K$2:$K$500,(LookupTables!$A$2:$A$500=""vendor_map"")*(LookupTables!$L$2:$L$500<>"""")*ISNUMBER(SEARCH(LookupTables!$L$2:$L$500,LOWER($A70)))),1),""""))","=IF($A70="""","""",IFERROR(INDEX(FILTER(LookupTables!$F$2:$F$500,(LookupTables!$A$2:$A$500=""product_type_map"")*(LookupTables!$B$2:$B$500<>"""")*ISNUMBER(SEARCH(LookupTables!$B$2:$B$500,LOWER($A70&"" ""&$L70&"" ""&$M70)))),1),""""))","=IF($A70="""","""",IFERROR(INDEX(FILTER(LookupTables!$H$2:$H$500,(LookupTables!$A$2:$A$500=""collection_map"")*(LookupTables!$B$2:$B$500<>"""")*ISNUMBER(SEARCH(LookupTables!$B$2:$B$500,LOWER($A70&"" ""&$L70&"" ""&$M70)))),1),""""))","=IF($A70="""","""",IFERROR(INDEX(FILTER(LookupTables!$G$2:$G$500,(LookupTables!$A$2:$A$500=""product_type_map"")*(LookupTables!$B$2:$B$500<>"""")*ISNUMBER(SEARCH(LookupTables!$B$2:$B$500,LOWER($A70&"" ""&$L70&"" ""&$M70)))),1),""""))",,,,,,,,,,,,,,,,,,,,,,,,,,,,,,,,,,,,,,,,
,,"=IF($A71="""","""",IFERROR(INDEX(FILTER(LookupTables!$K$2:$K$500,(LookupTables!$A$2:$A$500=""vendor_map"")*(LookupTables!$L$2:$L$500<>"""")*ISNUMBER(SEARCH(LookupTables!$L$2:$L$500,LOWER($A71)))),1),""""))","=IF($A71="""","""",IFERROR(INDEX(FILTER(LookupTables!$F$2:$F$500,(LookupTables!$A$2:$A$500=""product_type_map"")*(LookupTables!$B$2:$B$500<>"""")*ISNUMBER(SEARCH(LookupTables!$B$2:$B$500,LOWER($A71&"" ""&$L71&"" ""&$M71)))),1),""""))","=IF($A71="""","""",IFERROR(INDEX(FILTER(LookupTables!$H$2:$H$500,(LookupTables!$A$2:$A$500=""collection_map"")*(LookupTables!$B$2:$B$500<>"""")*ISNUMBER(SEARCH(LookupTables!$B$2:$B$500,LOWER($A71&"" ""&$L71&"" ""&$M71)))),1),""""))","=IF($A71="""","""",IFERROR(INDEX(FILTER(LookupTables!$G$2:$G$500,(LookupTables!$A$2:$A$500=""product_type_map"")*(LookupTables!$B$2:$B$500<>"""")*ISNUMBER(SEARCH(LookupTables!$B$2:$B$500,LOWER($A71&"" ""&$L71&"" ""&$M71)))),1),""""))",,,,,,,,,,,,,,,,,,,,,,,,,,,,,,,,,,,,,,,,
,,"=IF($A72="""","""",IFERROR(INDEX(FILTER(LookupTables!$K$2:$K$500,(LookupTables!$A$2:$A$500=""vendor_map"")*(LookupTables!$L$2:$L$500<>"""")*ISNUMBER(SEARCH(LookupTables!$L$2:$L$500,LOWER($A72)))),1),""""))","=IF($A72="""","""",IFERROR(INDEX(FILTER(LookupTables!$F$2:$F$500,(LookupTables!$A$2:$A$500=""product_type_map"")*(LookupTables!$B$2:$B$500<>"""")*ISNUMBER(SEARCH(LookupTables!$B$2:$B$500,LOWER($A72&"" ""&$L72&"" ""&$M72)))),1),""""))","=IF($A72="""","""",IFERROR(INDEX(FILTER(LookupTables!$H$2:$H$500,(LookupTables!$A$2:$A$500=""collection_map"")*(LookupTables!$B$2:$B$500<>"""")*ISNUMBER(SEARCH(LookupTables!$B$2:$B$500,LOWER($A72&"" ""&$L72&"" ""&$M72)))),1),""""))","=IF($A72="""","""",IFERROR(INDEX(FILTER(LookupTables!$G$2:$G$500,(LookupTables!$A$2:$A$500=""product_type_map"")*(LookupTables!$B$2:$B$500<>"""")*ISNUMBER(SEARCH(LookupTables!$B$2:$B$500,LOWER($A72&"" ""&$L72&"" ""&$M72)))),1),""""))",,,,,,,,,,,,,,,,,,,,,,,,,,,,,,,,,,,,,,,,
,,"=IF($A73="""","""",IFERROR(INDEX(FILTER(LookupTables!$K$2:$K$500,(LookupTables!$A$2:$A$500=""vendor_map"")*(LookupTables!$L$2:$L$500<>"""")*ISNUMBER(SEARCH(LookupTables!$L$2:$L$500,LOWER($A73)))),1),""""))","=IF($A73="""","""",IFERROR(INDEX(FILTER(LookupTables!$F$2:$F$500,(LookupTables!$A$2:$A$500=""product_type_map"")*(LookupTables!$B$2:$B$500<>"""")*ISNUMBER(SEARCH(LookupTables!$B$2:$B$500,LOWER($A73&"" ""&$L73&"" ""&$M73)))),1),""""))","=IF($A73="""","""",IFERROR(INDEX(FILTER(LookupTables!$H$2:$H$500,(LookupTables!$A$2:$A$500=""collection_map"")*(LookupTables!$B$2:$B$500<>"""")*ISNUMBER(SEARCH(LookupTables!$B$2:$B$500,LOWER($A73&"" ""&$L73&"" ""&$M73)))),1),""""))","=IF($A73="""","""",IFERROR(INDEX(FILTER(LookupTables!$G$2:$G$500,(LookupTables!$A$2:$A$500=""product_type_map"")*(LookupTables!$B$2:$B$500<>"""")*ISNUMBER(SEARCH(LookupTables!$B$2:$B$500,LOWER($A73&"" ""&$L73&"" ""&$M73)))),1),""""))",,,,,,,,,,,,,,,,,,,,,,,,,,,,,,,,,,,,,,,,
,,"=IF($A74="""","""",IFERROR(INDEX(FILTER(LookupTables!$K$2:$K$500,(LookupTables!$A$2:$A$500=""vendor_map"")*(LookupTables!$L$2:$L$500<>"""")*ISNUMBER(SEARCH(LookupTables!$L$2:$L$500,LOWER($A74)))),1),""""))","=IF($A74="""","""",IFERROR(INDEX(FILTER(LookupTables!$F$2:$F$500,(LookupTables!$A$2:$A$500=""product_type_map"")*(LookupTables!$B$2:$B$500<>"""")*ISNUMBER(SEARCH(LookupTables!$B$2:$B$500,LOWER($A74&"" ""&$L74&"" ""&$M74)))),1),""""))","=IF($A74="""","""",IFERROR(INDEX(FILTER(LookupTables!$H$2:$H$500,(LookupTables!$A$2:$A$500=""collection_map"")*(LookupTables!$B$2:$B$500<>"""")*ISNUMBER(SEARCH(LookupTables!$B$2:$B$500,LOWER($A74&"" ""&$L74&"" ""&$M74)))),1),""""))","=IF($A74="""","""",IFERROR(INDEX(FILTER(LookupTables!$G$2:$G$500,(LookupTables!$A$2:$A$500=""product_type_map"")*(LookupTables!$B$2:$B$500<>"""")*ISNUMBER(SEARCH(LookupTables!$B$2:$B$500,LOWER($A74&"" ""&$L74&"" ""&$M74)))),1),""""))",,,,,,,,,,,,,,,,,,,,,,,,,,,,,,,,,,,,,,,,
,,"=IF($A75="""","""",IFERROR(INDEX(FILTER(LookupTables!$K$2:$K$500,(LookupTables!$A$2:$A$500=""vendor_map"")*(LookupTables!$L$2:$L$500<>"""")*ISNUMBER(SEARCH(LookupTables!$L$2:$L$500,LOWER($A75)))),1),""""))","=IF($A75="""","""",IFERROR(INDEX(FILTER(LookupTables!$F$2:$F$500,(LookupTables!$A$2:$A$500=""product_type_map"")*(LookupTables!$B$2:$B$500<>"""")*ISNUMBER(SEARCH(LookupTables!$B$2:$B$500,LOWER($A75&"" ""&$L75&"" ""&$M75)))),1),""""))","=IF($A75="""","""",IFERROR(INDEX(FILTER(LookupTables!$H$2:$H$500,(LookupTables!$A$2:$A$500=""collection_map"")*(LookupTables!$B$2:$B$500<>"""")*ISNUMBER(SEARCH(LookupTables!$B$2:$B$500,LOWER($A75&"" ""&$L75&"" ""&$M75)))),1),""""))","=IF($A75="""","""",IFERROR(INDEX(FILTER(LookupTables!$G$2:$G$500,(LookupTables!$A$2:$A$500=""product_type_map"")*(LookupTables!$B$2:$B$500<>"""")*ISNUMBER(SEARCH(LookupTables!$B$2:$B$500,LOWER($A75&"" ""&$L75&"" ""&$M75)))),1),""""))",,,,,,,,,,,,,,,,,,,,,,,,,,,,,,,,,,,,,,,,
,,"=IF($A76="""","""",IFERROR(INDEX(FILTER(LookupTables!$K$2:$K$500,(LookupTables!$A$2:$A$500=""vendor_map"")*(LookupTables!$L$2:$L$500<>"""")*ISNUMBER(SEARCH(LookupTables!$L$2:$L$500,LOWER($A76)))),1),""""))","=IF($A76="""","""",IFERROR(INDEX(FILTER(LookupTables!$F$2:$F$500,(LookupTables!$A$2:$A$500=""product_type_map"")*(LookupTables!$B$2:$B$500<>"""")*ISNUMBER(SEARCH(LookupTables!$B$2:$B$500,LOWER($A76&"" ""&$L76&"" ""&$M76)))),1),""""))","=IF($A76="""","""",IFERROR(INDEX(FILTER(LookupTables!$H$2:$H$500,(LookupTables!$A$2:$A$500=""collection_map"")*(LookupTables!$B$2:$B$500<>"""")*ISNUMBER(SEARCH(LookupTables!$B$2:$B$500,LOWER($A76&"" ""&$L76&"" ""&$M76)))),1),""""))","=IF($A76="""","""",IFERROR(INDEX(FILTER(LookupTables!$G$2:$G$500,(LookupTables!$A$2:$A$500=""product_type_map"")*(LookupTables!$B$2:$B$500<>"""")*ISNUMBER(SEARCH(LookupTables!$B$2:$B$500,LOWER($A76&"" ""&$L76&"" ""&$M76)))),1),""""))",,,,,,,,,,,,,,,,,,,,,,,,,,,,,,,,,,,,,,,,
,,"=IF($A77="""","""",IFERROR(INDEX(FILTER(LookupTables!$K$2:$K$500,(LookupTables!$A$2:$A$500=""vendor_map"")*(LookupTables!$L$2:$L$500<>"""")*ISNUMBER(SEARCH(LookupTables!$L$2:$L$500,LOWER($A77)))),1),""""))","=IF($A77="""","""",IFERROR(INDEX(FILTER(LookupTables!$F$2:$F$500,(LookupTables!$A$2:$A$500=""product_type_map"")*(LookupTables!$B$2:$B$500<>"""")*ISNUMBER(SEARCH(LookupTables!$B$2:$B$500,LOWER($A77&"" ""&$L77&"" ""&$M77)))),1),""""))","=IF($A77="""","""",IFERROR(INDEX(FILTER(LookupTables!$H$2:$H$500,(LookupTables!$A$2:$A$500=""collection_map"")*(LookupTables!$B$2:$B$500<>"""")*ISNUMBER(SEARCH(LookupTables!$B$2:$B$500,LOWER($A77&"" ""&$L77&"" ""&$M77)))),1),""""))","=IF($A77="""","""",IFERROR(INDEX(FILTER(LookupTables!$G$2:$G$500,(LookupTables!$A$2:$A$500=""product_type_map"")*(LookupTables!$B$2:$B$500<>"""")*ISNUMBER(SEARCH(LookupTables!$B$2:$B$500,LOWER($A77&"" ""&$L77&"" ""&$M77)))),1),""""))",,,,,,,,,,,,,,,,,,,,,,,,,,,,,,,,,,,,,,,,
,,"=IF($A78="""","""",IFERROR(INDEX(FILTER(LookupTables!$K$2:$K$500,(LookupTables!$A$2:$A$500=""vendor_map"")*(LookupTables!$L$2:$L$500<>"""")*ISNUMBER(SEARCH(LookupTables!$L$2:$L$500,LOWER($A78)))),1),""""))","=IF($A78="""","""",IFERROR(INDEX(FILTER(LookupTables!$F$2:$F$500,(LookupTables!$A$2:$A$500=""product_type_map"")*(LookupTables!$B$2:$B$500<>"""")*ISNUMBER(SEARCH(LookupTables!$B$2:$B$500,LOWER($A78&"" ""&$L78&"" ""&$M78)))),1),""""))","=IF($A78="""","""",IFERROR(INDEX(FILTER(LookupTables!$H$2:$H$500,(LookupTables!$A$2:$A$500=""collection_map"")*(LookupTables!$B$2:$B$500<>"""")*ISNUMBER(SEARCH(LookupTables!$B$2:$B$500,LOWER($A78&"" ""&$L78&"" ""&$M78)))),1),""""))","=IF($A78="""","""",IFERROR(INDEX(FILTER(LookupTables!$G$2:$G$500,(LookupTables!$A$2:$A$500=""product_type_map"")*(LookupTables!$B$2:$B$500<>"""")*ISNUMBER(SEARCH(LookupTables!$B$2:$B$500,LOWER($A78&"" ""&$L78&"" ""&$M78)))),1),""""))",,,,,,,,,,,,,,,,,,,,,,,,,,,,,,,,,,,,,,,,
,,"=IF($A79="""","""",IFERROR(INDEX(FILTER(LookupTables!$K$2:$K$500,(LookupTables!$A$2:$A$500=""vendor_map"")*(LookupTables!$L$2:$L$500<>"""")*ISNUMBER(SEARCH(LookupTables!$L$2:$L$500,LOWER($A79)))),1),""""))","=IF($A79="""","""",IFERROR(INDEX(FILTER(LookupTables!$F$2:$F$500,(LookupTables!$A$2:$A$500=""product_type_map"")*(LookupTables!$B$2:$B$500<>"""")*ISNUMBER(SEARCH(LookupTables!$B$2:$B$500,LOWER($A79&"" ""&$L79&"" ""&$M79)))),1),""""))","=IF($A79="""","""",IFERROR(INDEX(FILTER(LookupTables!$H$2:$H$500,(LookupTables!$A$2:$A$500=""collection_map"")*(LookupTables!$B$2:$B$500<>"""")*ISNUMBER(SEARCH(LookupTables!$B$2:$B$500,LOWER($A79&"" ""&$L79&"" ""&$M79)))),1),""""))","=IF($A79="""","""",IFERROR(INDEX(FILTER(LookupTables!$G$2:$G$500,(LookupTables!$A$2:$A$500=""product_type_map"")*(LookupTables!$B$2:$B$500<>"""")*ISNUMBER(SEARCH(LookupTables!$B$2:$B$500,LOWER($A79&"" ""&$L79&"" ""&$M79)))),1),""""))",,,,,,,,,,,,,,,,,,,,,,,,,,,,,,,,,,,,,,,,
,,"=IF($A80="""","""",IFERROR(INDEX(FILTER(LookupTables!$K$2:$K$500,(LookupTables!$A$2:$A$500=""vendor_map"")*(LookupTables!$L$2:$L$500<>"""")*ISNUMBER(SEARCH(LookupTables!$L$2:$L$500,LOWER($A80)))),1),""""))","=IF($A80="""","""",IFERROR(INDEX(FILTER(LookupTables!$F$2:$F$500,(LookupTables!$A$2:$A$500=""product_type_map"")*(LookupTables!$B$2:$B$500<>"""")*ISNUMBER(SEARCH(LookupTables!$B$2:$B$500,LOWER($A80&"" ""&$L80&"" ""&$M80)))),1),""""))","=IF($A80="""","""",IFERROR(INDEX(FILTER(LookupTables!$H$2:$H$500,(LookupTables!$A$2:$A$500=""collection_map"")*(LookupTables!$B$2:$B$500<>"""")*ISNUMBER(SEARCH(LookupTables!$B$2:$B$500,LOWER($A80&"" ""&$L80&"" ""&$M80)))),1),""""))","=IF($A80="""","""",IFERROR(INDEX(FILTER(LookupTables!$G$2:$G$500,(LookupTables!$A$2:$A$500=""product_type_map"")*(LookupTables!$B$2:$B$500<>"""")*ISNUMBER(SEARCH(LookupTables!$B$2:$B$500,LOWER($A80&"" ""&$L80&"" ""&$M80)))),1),""""))",,,,,,,,,,,,,,,,,,,,,,,,,,,,,,,,,,,,,,,,
,,"=IF($A81="""","""",IFERROR(INDEX(FILTER(LookupTables!$K$2:$K$500,(LookupTables!$A$2:$A$500=""vendor_map"")*(LookupTables!$L$2:$L$500<>"""")*ISNUMBER(SEARCH(LookupTables!$L$2:$L$500,LOWER($A81)))),1),""""))","=IF($A81="""","""",IFERROR(INDEX(FILTER(LookupTables!$F$2:$F$500,(LookupTables!$A$2:$A$500=""product_type_map"")*(LookupTables!$B$2:$B$500<>"""")*ISNUMBER(SEARCH(LookupTables!$B$2:$B$500,LOWER($A81&"" ""&$L81&"" ""&$M81)))),1),""""))","=IF($A81="""","""",IFERROR(INDEX(FILTER(LookupTables!$H$2:$H$500,(LookupTables!$A$2:$A$500=""collection_map"")*(LookupTables!$B$2:$B$500<>"""")*ISNUMBER(SEARCH(LookupTables!$B$2:$B$500,LOWER($A81&"" ""&$L81&"" ""&$M81)))),1),""""))","=IF($A81="""","""",IFERROR(INDEX(FILTER(LookupTables!$G$2:$G$500,(LookupTables!$A$2:$A$500=""product_type_map"")*(LookupTables!$B$2:$B$500<>"""")*ISNUMBER(SEARCH(LookupTables!$B$2:$B$500,LOWER($A81&"" ""&$L81&"" ""&$M81)))),1),""""))",,,,,,,,,,,,,,,,,,,,,,,,,,,,,,,,,,,,,,,,
,,"=IF($A82="""","""",IFERROR(INDEX(FILTER(LookupTables!$K$2:$K$500,(LookupTables!$A$2:$A$500=""vendor_map"")*(LookupTables!$L$2:$L$500<>"""")*ISNUMBER(SEARCH(LookupTables!$L$2:$L$500,LOWER($A82)))),1),""""))","=IF($A82="""","""",IFERROR(INDEX(FILTER(LookupTables!$F$2:$F$500,(LookupTables!$A$2:$A$500=""product_type_map"")*(LookupTables!$B$2:$B$500<>"""")*ISNUMBER(SEARCH(LookupTables!$B$2:$B$500,LOWER($A82&"" ""&$L82&"" ""&$M82)))),1),""""))","=IF($A82="""","""",IFERROR(INDEX(FILTER(LookupTables!$H$2:$H$500,(LookupTables!$A$2:$A$500=""collection_map"")*(LookupTables!$B$2:$B$500<>"""")*ISNUMBER(SEARCH(LookupTables!$B$2:$B$500,LOWER($A82&"" ""&$L82&"" ""&$M82)))),1),""""))","=IF($A82="""","""",IFERROR(INDEX(FILTER(LookupTables!$G$2:$G$500,(LookupTables!$A$2:$A$500=""product_type_map"")*(LookupTables!$B$2:$B$500<>"""")*ISNUMBER(SEARCH(LookupTables!$B$2:$B$500,LOWER($A82&"" ""&$L82&"" ""&$M82)))),1),""""))",,,,,,,,,,,,,,,,,,,,,,,,,,,,,,,,,,,,,,,,
,,"=IF($A83="""","""",IFERROR(INDEX(FILTER(LookupTables!$K$2:$K$500,(LookupTables!$A$2:$A$500=""vendor_map"")*(LookupTables!$L$2:$L$500<>"""")*ISNUMBER(SEARCH(LookupTables!$L$2:$L$500,LOWER($A83)))),1),""""))","=IF($A83="""","""",IFERROR(INDEX(FILTER(LookupTables!$F$2:$F$500,(LookupTables!$A$2:$A$500=""product_type_map"")*(LookupTables!$B$2:$B$500<>"""")*ISNUMBER(SEARCH(LookupTables!$B$2:$B$500,LOWER($A83&"" ""&$L83&"" ""&$M83)))),1),""""))","=IF($A83="""","""",IFERROR(INDEX(FILTER(LookupTables!$H$2:$H$500,(LookupTables!$A$2:$A$500=""collection_map"")*(LookupTables!$B$2:$B$500<>"""")*ISNUMBER(SEARCH(LookupTables!$B$2:$B$500,LOWER($A83&"" ""&$L83&"" ""&$M83)))),1),""""))","=IF($A83="""","""",IFERROR(INDEX(FILTER(LookupTables!$G$2:$G$500,(LookupTables!$A$2:$A$500=""product_type_map"")*(LookupTables!$B$2:$B$500<>"""")*ISNUMBER(SEARCH(LookupTables!$B$2:$B$500,LOWER($A83&"" ""&$L83&"" ""&$M83)))),1),""""))",,,,,,,,,,,,,,,,,,,,,,,,,,,,,,,,,,,,,,,,
,,"=IF($A84="""","""",IFERROR(INDEX(FILTER(LookupTables!$K$2:$K$500,(LookupTables!$A$2:$A$500=""vendor_map"")*(LookupTables!$L$2:$L$500<>"""")*ISNUMBER(SEARCH(LookupTables!$L$2:$L$500,LOWER($A84)))),1),""""))","=IF($A84="""","""",IFERROR(INDEX(FILTER(LookupTables!$F$2:$F$500,(LookupTables!$A$2:$A$500=""product_type_map"")*(LookupTables!$B$2:$B$500<>"""")*ISNUMBER(SEARCH(LookupTables!$B$2:$B$500,LOWER($A84&"" ""&$L84&"" ""&$M84)))),1),""""))","=IF($A84="""","""",IFERROR(INDEX(FILTER(LookupTables!$H$2:$H$500,(LookupTables!$A$2:$A$500=""collection_map"")*(LookupTables!$B$2:$B$500<>"""")*ISNUMBER(SEARCH(LookupTables!$B$2:$B$500,LOWER($A84&"" ""&$L84&"" ""&$M84)))),1),""""))","=IF($A84="""","""",IFERROR(INDEX(FILTER(LookupTables!$G$2:$G$500,(LookupTables!$A$2:$A$500=""product_type_map"")*(LookupTables!$B$2:$B$500<>"""")*ISNUMBER(SEARCH(LookupTables!$B$2:$B$500,LOWER($A84&"" ""&$L84&"" ""&$M84)))),1),""""))",,,,,,,,,,,,,,,,,,,,,,,,,,,,,,,,,,,,,,,,
,,"=IF($A85="""","""",IFERROR(INDEX(FILTER(LookupTables!$K$2:$K$500,(LookupTables!$A$2:$A$500=""vendor_map"")*(LookupTables!$L$2:$L$500<>"""")*ISNUMBER(SEARCH(LookupTables!$L$2:$L$500,LOWER($A85)))),1),""""))","=IF($A85="""","""",IFERROR(INDEX(FILTER(LookupTables!$F$2:$F$500,(LookupTables!$A$2:$A$500=""product_type_map"")*(LookupTables!$B$2:$B$500<>"""")*ISNUMBER(SEARCH(LookupTables!$B$2:$B$500,LOWER($A85&"" ""&$L85&"" ""&$M85)))),1),""""))","=IF($A85="""","""",IFERROR(INDEX(FILTER(LookupTables!$H$2:$H$500,(LookupTables!$A$2:$A$500=""collection_map"")*(LookupTables!$B$2:$B$500<>"""")*ISNUMBER(SEARCH(LookupTables!$B$2:$B$500,LOWER($A85&"" ""&$L85&"" ""&$M85)))),1),""""))","=IF($A85="""","""",IFERROR(INDEX(FILTER(LookupTables!$G$2:$G$500,(LookupTables!$A$2:$A$500=""product_type_map"")*(LookupTables!$B$2:$B$500<>"""")*ISNUMBER(SEARCH(LookupTables!$B$2:$B$500,LOWER($A85&"" ""&$L85&"" ""&$M85)))),1),""""))",,,,,,,,,,,,,,,,,,,,,,,,,,,,,,,,,,,,,,,,
,,"=IF($A86="""","""",IFERROR(INDEX(FILTER(LookupTables!$K$2:$K$500,(LookupTables!$A$2:$A$500=""vendor_map"")*(LookupTables!$L$2:$L$500<>"""")*ISNUMBER(SEARCH(LookupTables!$L$2:$L$500,LOWER($A86)))),1),""""))","=IF($A86="""","""",IFERROR(INDEX(FILTER(LookupTables!$F$2:$F$500,(LookupTables!$A$2:$A$500=""product_type_map"")*(LookupTables!$B$2:$B$500<>"""")*ISNUMBER(SEARCH(LookupTables!$B$2:$B$500,LOWER($A86&"" ""&$L86&"" ""&$M86)))),1),""""))","=IF($A86="""","""",IFERROR(INDEX(FILTER(LookupTables!$H$2:$H$500,(LookupTables!$A$2:$A$500=""collection_map"")*(LookupTables!$B$2:$B$500<>"""")*ISNUMBER(SEARCH(LookupTables!$B$2:$B$500,LOWER($A86&"" ""&$L86&"" ""&$M86)))),1),""""))","=IF($A86="""","""",IFERROR(INDEX(FILTER(LookupTables!$G$2:$G$500,(LookupTables!$A$2:$A$500=""product_type_map"")*(LookupTables!$B$2:$B$500<>"""")*ISNUMBER(SEARCH(LookupTables!$B$2:$B$500,LOWER($A86&"" ""&$L86&"" ""&$M86)))),1),""""))",,,,,,,,,,,,,,,,,,,,,,,,,,,,,,,,,,,,,,,,
,,"=IF($A87="""","""",IFERROR(INDEX(FILTER(LookupTables!$K$2:$K$500,(LookupTables!$A$2:$A$500=""vendor_map"")*(LookupTables!$L$2:$L$500<>"""")*ISNUMBER(SEARCH(LookupTables!$L$2:$L$500,LOWER($A87)))),1),""""))","=IF($A87="""","""",IFERROR(INDEX(FILTER(LookupTables!$F$2:$F$500,(LookupTables!$A$2:$A$500=""product_type_map"")*(LookupTables!$B$2:$B$500<>"""")*ISNUMBER(SEARCH(LookupTables!$B$2:$B$500,LOWER($A87&"" ""&$L87&"" ""&$M87)))),1),""""))","=IF($A87="""","""",IFERROR(INDEX(FILTER(LookupTables!$H$2:$H$500,(LookupTables!$A$2:$A$500=""collection_map"")*(LookupTables!$B$2:$B$500<>"""")*ISNUMBER(SEARCH(LookupTables!$B$2:$B$500,LOWER($A87&"" ""&$L87&"" ""&$M87)))),1),""""))","=IF($A87="""","""",IFERROR(INDEX(FILTER(LookupTables!$G$2:$G$500,(LookupTables!$A$2:$A$500=""product_type_map"")*(LookupTables!$B$2:$B$500<>"""")*ISNUMBER(SEARCH(LookupTables!$B$2:$B$500,LOWER($A87&"" ""&$L87&"" ""&$M87)))),1),""""))",,,,,,,,,,,,,,,,,,,,,,,,,,,,,,,,,,,,,,,,
,,"=IF($A88="""","""",IFERROR(INDEX(FILTER(LookupTables!$K$2:$K$500,(LookupTables!$A$2:$A$500=""vendor_map"")*(LookupTables!$L$2:$L$500<>"""")*ISNUMBER(SEARCH(LookupTables!$L$2:$L$500,LOWER($A88)))),1),""""))","=IF($A88="""","""",IFERROR(INDEX(FILTER(LookupTables!$F$2:$F$500,(LookupTables!$A$2:$A$500=""product_type_map"")*(LookupTables!$B$2:$B$500<>"""")*ISNUMBER(SEARCH(LookupTables!$B$2:$B$500,LOWER($A88&"" ""&$L88&"" ""&$M88)))),1),""""))","=IF($A88="""","""",IFERROR(INDEX(FILTER(LookupTables!$H$2:$H$500,(LookupTables!$A$2:$A$500=""collection_map"")*(LookupTables!$B$2:$B$500<>"""")*ISNUMBER(SEARCH(LookupTables!$B$2:$B$500,LOWER($A88&"" ""&$L88&"" ""&$M88)))),1),""""))","=IF($A88="""","""",IFERROR(INDEX(FILTER(LookupTables!$G$2:$G$500,(LookupTables!$A$2:$A$500=""product_type_map"")*(LookupTables!$B$2:$B$500<>"""")*ISNUMBER(SEARCH(LookupTables!$B$2:$B$500,LOWER($A88&"" ""&$L88&"" ""&$M88)))),1),""""))",,,,,,,,,,,,,,,,,,,,,,,,,,,,,,,,,,,,,,,,
,,"=IF($A89="""","""",IFERROR(INDEX(FILTER(LookupTables!$K$2:$K$500,(LookupTables!$A$2:$A$500=""vendor_map"")*(LookupTables!$L$2:$L$500<>"""")*ISNUMBER(SEARCH(LookupTables!$L$2:$L$500,LOWER($A89)))),1),""""))","=IF($A89="""","""",IFERROR(INDEX(FILTER(LookupTables!$F$2:$F$500,(LookupTables!$A$2:$A$500=""product_type_map"")*(LookupTables!$B$2:$B$500<>"""")*ISNUMBER(SEARCH(LookupTables!$B$2:$B$500,LOWER($A89&"" ""&$L89&"" ""&$M89)))),1),""""))","=IF($A89="""","""",IFERROR(INDEX(FILTER(LookupTables!$H$2:$H$500,(LookupTables!$A$2:$A$500=""collection_map"")*(LookupTables!$B$2:$B$500<>"""")*ISNUMBER(SEARCH(LookupTables!$B$2:$B$500,LOWER($A89&"" ""&$L89&"" ""&$M89)))),1),""""))","=IF($A89="""","""",IFERROR(INDEX(FILTER(LookupTables!$G$2:$G$500,(LookupTables!$A$2:$A$500=""product_type_map"")*(LookupTables!$B$2:$B$500<>"""")*ISNUMBER(SEARCH(LookupTables!$B$2:$B$500,LOWER($A89&"" ""&$L89&"" ""&$M89)))),1),""""))",,,,,,,,,,,,,,,,,,,,,,,,,,,,,,,,,,,,,,,,
,,"=IF($A90="""","""",IFERROR(INDEX(FILTER(LookupTables!$K$2:$K$500,(LookupTables!$A$2:$A$500=""vendor_map"")*(LookupTables!$L$2:$L$500<>"""")*ISNUMBER(SEARCH(LookupTables!$L$2:$L$500,LOWER($A90)))),1),""""))","=IF($A90="""","""",IFERROR(INDEX(FILTER(LookupTables!$F$2:$F$500,(LookupTables!$A$2:$A$500=""product_type_map"")*(LookupTables!$B$2:$B$500<>"""")*ISNUMBER(SEARCH(LookupTables!$B$2:$B$500,LOWER($A90&"" ""&$L90&"" ""&$M90)))),1),""""))","=IF($A90="""","""",IFERROR(INDEX(FILTER(LookupTables!$H$2:$H$500,(LookupTables!$A$2:$A$500=""collection_map"")*(LookupTables!$B$2:$B$500<>"""")*ISNUMBER(SEARCH(LookupTables!$B$2:$B$500,LOWER($A90&"" ""&$L90&"" ""&$M90)))),1),""""))","=IF($A90="""","""",IFERROR(INDEX(FILTER(LookupTables!$G$2:$G$500,(LookupTables!$A$2:$A$500=""product_type_map"")*(LookupTables!$B$2:$B$500<>"""")*ISNUMBER(SEARCH(LookupTables!$B$2:$B$500,LOWER($A90&"" ""&$L90&"" ""&$M90)))),1),""""))",,,,,,,,,,,,,,,,,,,,,,,,,,,,,,,,,,,,,,,,
,,"=IF($A91="""","""",IFERROR(INDEX(FILTER(LookupTables!$K$2:$K$500,(LookupTables!$A$2:$A$500=""vendor_map"")*(LookupTables!$L$2:$L$500<>"""")*ISNUMBER(SEARCH(LookupTables!$L$2:$L$500,LOWER($A91)))),1),""""))","=IF($A91="""","""",IFERROR(INDEX(FILTER(LookupTables!$F$2:$F$500,(LookupTables!$A$2:$A$500=""product_type_map"")*(LookupTables!$B$2:$B$500<>"""")*ISNUMBER(SEARCH(LookupTables!$B$2:$B$500,LOWER($A91&"" ""&$L91&"" ""&$M91)))),1),""""))","=IF($A91="""","""",IFERROR(INDEX(FILTER(LookupTables!$H$2:$H$500,(LookupTables!$A$2:$A$500=""collection_map"")*(LookupTables!$B$2:$B$500<>"""")*ISNUMBER(SEARCH(LookupTables!$B$2:$B$500,LOWER($A91&"" ""&$L91&"" ""&$M91)))),1),""""))","=IF($A91="""","""",IFERROR(INDEX(FILTER(LookupTables!$G$2:$G$500,(LookupTables!$A$2:$A$500=""product_type_map"")*(LookupTables!$B$2:$B$500<>"""")*ISNUMBER(SEARCH(LookupTables!$B$2:$B$500,LOWER($A91&"" ""&$L91&"" ""&$M91)))),1),""""))",,,,,,,,,,,,,,,,,,,,,,,,,,,,,,,,,,,,,,,,
,,"=IF($A92="""","""",IFERROR(INDEX(FILTER(LookupTables!$K$2:$K$500,(LookupTables!$A$2:$A$500=""vendor_map"")*(LookupTables!$L$2:$L$500<>"""")*ISNUMBER(SEARCH(LookupTables!$L$2:$L$500,LOWER($A92)))),1),""""))","=IF($A92="""","""",IFERROR(INDEX(FILTER(LookupTables!$F$2:$F$500,(LookupTables!$A$2:$A$500=""product_type_map"")*(LookupTables!$B$2:$B$500<>"""")*ISNUMBER(SEARCH(LookupTables!$B$2:$B$500,LOWER($A92&"" ""&$L92&"" ""&$M92)))),1),""""))","=IF($A92="""","""",IFERROR(INDEX(FILTER(LookupTables!$H$2:$H$500,(LookupTables!$A$2:$A$500=""collection_map"")*(LookupTables!$B$2:$B$500<>"""")*ISNUMBER(SEARCH(LookupTables!$B$2:$B$500,LOWER($A92&"" ""&$L92&"" ""&$M92)))),1),""""))","=IF($A92="""","""",IFERROR(INDEX(FILTER(LookupTables!$G$2:$G$500,(LookupTables!$A$2:$A$500=""product_type_map"")*(LookupTables!$B$2:$B$500<>"""")*ISNUMBER(SEARCH(LookupTables!$B$2:$B$500,LOWER($A92&"" ""&$L92&"" ""&$M92)))),1),""""))",,,,,,,,,,,,,,,,,,,,,,,,,,,,,,,,,,,,,,,,
,,"=IF($A93="""","""",IFERROR(INDEX(FILTER(LookupTables!$K$2:$K$500,(LookupTables!$A$2:$A$500=""vendor_map"")*(LookupTables!$L$2:$L$500<>"""")*ISNUMBER(SEARCH(LookupTables!$L$2:$L$500,LOWER($A93)))),1),""""))","=IF($A93="""","""",IFERROR(INDEX(FILTER(LookupTables!$F$2:$F$500,(LookupTables!$A$2:$A$500=""product_type_map"")*(LookupTables!$B$2:$B$500<>"""")*ISNUMBER(SEARCH(LookupTables!$B$2:$B$500,LOWER($A93&"" ""&$L93&"" ""&$M93)))),1),""""))","=IF($A93="""","""",IFERROR(INDEX(FILTER(LookupTables!$H$2:$H$500,(LookupTables!$A$2:$A$500=""collection_map"")*(LookupTables!$B$2:$B$500<>"""")*ISNUMBER(SEARCH(LookupTables!$B$2:$B$500,LOWER($A93&"" ""&$L93&"" ""&$M93)))),1),""""))","=IF($A93="""","""",IFERROR(INDEX(FILTER(LookupTables!$G$2:$G$500,(LookupTables!$A$2:$A$500=""product_type_map"")*(LookupTables!$B$2:$B$500<>"""")*ISNUMBER(SEARCH(LookupTables!$B$2:$B$500,LOWER($A93&"" ""&$L93&"" ""&$M93)))),1),""""))",,,,,,,,,,,,,,,,,,,,,,,,,,,,,,,,,,,,,,,,
,,"=IF($A94="""","""",IFERROR(INDEX(FILTER(LookupTables!$K$2:$K$500,(LookupTables!$A$2:$A$500=""vendor_map"")*(LookupTables!$L$2:$L$500<>"""")*ISNUMBER(SEARCH(LookupTables!$L$2:$L$500,LOWER($A94)))),1),""""))","=IF($A94="""","""",IFERROR(INDEX(FILTER(LookupTables!$F$2:$F$500,(LookupTables!$A$2:$A$500=""product_type_map"")*(LookupTables!$B$2:$B$500<>"""")*ISNUMBER(SEARCH(LookupTables!$B$2:$B$500,LOWER($A94&"" ""&$L94&"" ""&$M94)))),1),""""))","=IF($A94="""","""",IFERROR(INDEX(FILTER(LookupTables!$H$2:$H$500,(LookupTables!$A$2:$A$500=""collection_map"")*(LookupTables!$B$2:$B$500<>"""")*ISNUMBER(SEARCH(LookupTables!$B$2:$B$500,LOWER($A94&"" ""&$L94&"" ""&$M94)))),1),""""))","=IF($A94="""","""",IFERROR(INDEX(FILTER(LookupTables!$G$2:$G$500,(LookupTables!$A$2:$A$500=""product_type_map"")*(LookupTables!$B$2:$B$500<>"""")*ISNUMBER(SEARCH(LookupTables!$B$2:$B$500,LOWER($A94&"" ""&$L94&"" ""&$M94)))),1),""""))",,,,,,,,,,,,,,,,,,,,,,,,,,,,,,,,,,,,,,,,
,,"=IF($A95="""","""",IFERROR(INDEX(FILTER(LookupTables!$K$2:$K$500,(LookupTables!$A$2:$A$500=""vendor_map"")*(LookupTables!$L$2:$L$500<>"""")*ISNUMBER(SEARCH(LookupTables!$L$2:$L$500,LOWER($A95)))),1),""""))","=IF($A95="""","""",IFERROR(INDEX(FILTER(LookupTables!$F$2:$F$500,(LookupTables!$A$2:$A$500=""product_type_map"")*(LookupTables!$B$2:$B$500<>"""")*ISNUMBER(SEARCH(LookupTables!$B$2:$B$500,LOWER($A95&"" ""&$L95&"" ""&$M95)))),1),""""))","=IF($A95="""","""",IFERROR(INDEX(FILTER(LookupTables!$H$2:$H$500,(LookupTables!$A$2:$A$500=""collection_map"")*(LookupTables!$B$2:$B$500<>"""")*ISNUMBER(SEARCH(LookupTables!$B$2:$B$500,LOWER($A95&"" ""&$L95&"" ""&$M95)))),1),""""))","=IF($A95="""","""",IFERROR(INDEX(FILTER(LookupTables!$G$2:$G$500,(LookupTables!$A$2:$A$500=""product_type_map"")*(LookupTables!$B$2:$B$500<>"""")*ISNUMBER(SEARCH(LookupTables!$B$2:$B$500,LOWER($A95&"" ""&$L95&"" ""&$M95)))),1),""""))",,,,,,,,,,,,,,,,,,,,,,,,,,,,,,,,,,,,,,,,
,,"=IF($A96="""","""",IFERROR(INDEX(FILTER(LookupTables!$K$2:$K$500,(LookupTables!$A$2:$A$500=""vendor_map"")*(LookupTables!$L$2:$L$500<>"""")*ISNUMBER(SEARCH(LookupTables!$L$2:$L$500,LOWER($A96)))),1),""""))","=IF($A96="""","""",IFERROR(INDEX(FILTER(LookupTables!$F$2:$F$500,(LookupTables!$A$2:$A$500=""product_type_map"")*(LookupTables!$B$2:$B$500<>"""")*ISNUMBER(SEARCH(LookupTables!$B$2:$B$500,LOWER($A96&"" ""&$L96&"" ""&$M96)))),1),""""))","=IF($A96="""","""",IFERROR(INDEX(FILTER(LookupTables!$H$2:$H$500,(LookupTables!$A$2:$A$500=""collection_map"")*(LookupTables!$B$2:$B$500<>"""")*ISNUMBER(SEARCH(LookupTables!$B$2:$B$500,LOWER($A96&"" ""&$L96&"" ""&$M96)))),1),""""))","=IF($A96="""","""",IFERROR(INDEX(FILTER(LookupTables!$G$2:$G$500,(LookupTables!$A$2:$A$500=""product_type_map"")*(LookupTables!$B$2:$B$500<>"""")*ISNUMBER(SEARCH(LookupTables!$B$2:$B$500,LOWER($A96&"" ""&$L96&"" ""&$M96)))),1),""""))",,,,,,,,,,,,,,,,,,,,,,,,,,,,,,,,,,,,,,,,
,,"=IF($A97="""","""",IFERROR(INDEX(FILTER(LookupTables!$K$2:$K$500,(LookupTables!$A$2:$A$500=""vendor_map"")*(LookupTables!$L$2:$L$500<>"""")*ISNUMBER(SEARCH(LookupTables!$L$2:$L$500,LOWER($A97)))),1),""""))","=IF($A97="""","""",IFERROR(INDEX(FILTER(LookupTables!$F$2:$F$500,(LookupTables!$A$2:$A$500=""product_type_map"")*(LookupTables!$B$2:$B$500<>"""")*ISNUMBER(SEARCH(LookupTables!$B$2:$B$500,LOWER($A97&"" ""&$L97&"" ""&$M97)))),1),""""))","=IF($A97="""","""",IFERROR(INDEX(FILTER(LookupTables!$H$2:$H$500,(LookupTables!$A$2:$A$500=""collection_map"")*(LookupTables!$B$2:$B$500<>"""")*ISNUMBER(SEARCH(LookupTables!$B$2:$B$500,LOWER($A97&"" ""&$L97&"" ""&$M97)))),1),""""))","=IF($A97="""","""",IFERROR(INDEX(FILTER(LookupTables!$G$2:$G$500,(LookupTables!$A$2:$A$500=""product_type_map"")*(LookupTables!$B$2:$B$500<>"""")*ISNUMBER(SEARCH(LookupTables!$B$2:$B$500,LOWER($A97&"" ""&$L97&"" ""&$M97)))),1),""""))",,,,,,,,,,,,,,,,,,,,,,,,,,,,,,,,,,,,,,,,
,,"=IF($A98="""","""",IFERROR(INDEX(FILTER(LookupTables!$K$2:$K$500,(LookupTables!$A$2:$A$500=""vendor_map"")*(LookupTables!$L$2:$L$500<>"""")*ISNUMBER(SEARCH(LookupTables!$L$2:$L$500,LOWER($A98)))),1),""""))","=IF($A98="""","""",IFERROR(INDEX(FILTER(LookupTables!$F$2:$F$500,(LookupTables!$A$2:$A$500=""product_type_map"")*(LookupTables!$B$2:$B$500<>"""")*ISNUMBER(SEARCH(LookupTables!$B$2:$B$500,LOWER($A98&"" ""&$L98&"" ""&$M98)))),1),""""))","=IF($A98="""","""",IFERROR(INDEX(FILTER(LookupTables!$H$2:$H$500,(LookupTables!$A$2:$A$500=""collection_map"")*(LookupTables!$B$2:$B$500<>"""")*ISNUMBER(SEARCH(LookupTables!$B$2:$B$500,LOWER($A98&"" ""&$L98&"" ""&$M98)))),1),""""))","=IF($A98="""","""",IFERROR(INDEX(FILTER(LookupTables!$G$2:$G$500,(LookupTables!$A$2:$A$500=""product_type_map"")*(LookupTables!$B$2:$B$500<>"""")*ISNUMBER(SEARCH(LookupTables!$B$2:$B$500,LOWER($A98&"" ""&$L98&"" ""&$M98)))),1),""""))",,,,,,,,,,,,,,,,,,,,,,,,,,,,,,,,,,,,,,,,
,,"=IF($A99="""","""",IFERROR(INDEX(FILTER(LookupTables!$K$2:$K$500,(LookupTables!$A$2:$A$500=""vendor_map"")*(LookupTables!$L$2:$L$500<>"""")*ISNUMBER(SEARCH(LookupTables!$L$2:$L$500,LOWER($A99)))),1),""""))","=IF($A99="""","""",IFERROR(INDEX(FILTER(LookupTables!$F$2:$F$500,(LookupTables!$A$2:$A$500=""product_type_map"")*(LookupTables!$B$2:$B$500<>"""")*ISNUMBER(SEARCH(LookupTables!$B$2:$B$500,LOWER($A99&"" ""&$L99&"" ""&$M99)))),1),""""))","=IF($A99="""","""",IFERROR(INDEX(FILTER(LookupTables!$H$2:$H$500,(LookupTables!$A$2:$A$500=""collection_map"")*(LookupTables!$B$2:$B$500<>"""")*ISNUMBER(SEARCH(LookupTables!$B$2:$B$500,LOWER($A99&"" ""&$L99&"" ""&$M99)))),1),""""))","=IF($A99="""","""",IFERROR(INDEX(FILTER(LookupTables!$G$2:$G$500,(LookupTables!$A$2:$A$500=""product_type_map"")*(LookupTables!$B$2:$B$500<>"""")*ISNUMBER(SEARCH(LookupTables!$B$2:$B$500,LOWER($A99&"" ""&$L99&"" ""&$M99)))),1),""""))",,,,,,,,,,,,,,,,,,,,,,,,,,,,,,,,,,,,,,,,
,,"=IF($A100="""","""",IFERROR(INDEX(FILTER(LookupTables!$K$2:$K$500,(LookupTables!$A$2:$A$500=""vendor_map"")*(LookupTables!$L$2:$L$500<>"""")*ISNUMBER(SEARCH(LookupTables!$L$2:$L$500,LOWER($A100)))),1),""""))","=IF($A100="""","""",IFERROR(INDEX(FILTER(LookupTables!$F$2:$F$500,(LookupTables!$A$2:$A$500=""product_type_map"")*(LookupTables!$B$2:$B$500<>"""")*ISNUMBER(SEARCH(LookupTables!$B$2:$B$500,LOWER($A100&"" ""&$L100&"" ""&$M100)))),1),""""))","=IF($A100="""","""",IFERROR(INDEX(FILTER(LookupTables!$H$2:$H$500,(LookupTables!$A$2:$A$500=""collection_map"")*(LookupTables!$B$2:$B$500<>"""")*ISNUMBER(SEARCH(LookupTables!$B$2:$B$500,LOWER($A100&"" ""&$L100&"" ""&$M100)))),1),""""))","=IF($A100="""","""",IFERROR(INDEX(FILTER(LookupTables!$G$2:$G$500,(LookupTables!$A$2:$A$500=""product_type_map"")*(LookupTables!$B$2:$B$500<>"""")*ISNUMBER(SEARCH(LookupTables!$B$2:$B$500,LOWER($A100&"" ""&$L100&"" ""&$M100)))),1),""""))",,,,,,,,,,,,,,,,,,,,,,,,,,,,,,,,,,,,,,,,
,,"=IF($A101="""","""",IFERROR(INDEX(FILTER(LookupTables!$K$2:$K$500,(LookupTables!$A$2:$A$500=""vendor_map"")*(LookupTables!$L$2:$L$500<>"""")*ISNUMBER(SEARCH(LookupTables!$L$2:$L$500,LOWER($A101)))),1),""""))","=IF($A101="""","""",IFERROR(INDEX(FILTER(LookupTables!$F$2:$F$500,(LookupTables!$A$2:$A$500=""product_type_map"")*(LookupTables!$B$2:$B$500<>"""")*ISNUMBER(SEARCH(LookupTables!$B$2:$B$500,LOWER($A101&"" ""&$L101&"" ""&$M101)))),1),""""))","=IF($A101="""","""",IFERROR(INDEX(FILTER(LookupTables!$H$2:$H$500,(LookupTables!$A$2:$A$500=""collection_map"")*(LookupTables!$B$2:$B$500<>"""")*ISNUMBER(SEARCH(LookupTables!$B$2:$B$500,LOWER($A101&"" ""&$L101&"" ""&$M101)))),1),""""))","=IF($A101="""","""",IFERROR(INDEX(FILTER(LookupTables!$G$2:$G$500,(LookupTables!$A$2:$A$500=""product_type_map"")*(LookupTables!$B$2:$B$500<>"""")*ISNUMBER(SEARCH(LookupTables!$B$2:$B$500,LOWER($A101&"" ""&$L101&"" ""&$M101)))),1),""""))",,,,,,,,,,,,,,,,,,,,,,,,,,,,,,,,,,,,,,,,
,,,,,,,,,,,,,,,,,,,,,,,,,,,,,,,,,,,,,,,,,,,,,
,,,,,,,,,,,,,,,,,,,,,,,,,,,,,,,,,,,,,,,,,,,,,
,,,,,,,,,,,,,,,,,,,,,,,,,,,,,,,,,,,,,,,,,,,,,
,,,,,,,,,,,,,,,,,,,,,,,,,,,,,,,,,,,,,,,,,,,,,
,,,,,,,,,,,,,,,,,,,,,,,,,,,,,,,,,,,,,,,,,,,,,
,,,,,,,,,,,,,,,,,,,,,,,,,,,,,,,,,,,,,,,,,,,,,
,,,,,,,,,,,,,,,,,,,,,,,,,,,,,,,,,,,,,,,,,,,,,
,,,,,,,,,,,,,,,,,,,,,,,,,,,,,,,,,,,,,,,,,,,,,
,,,,,,,,,,,,,,,,,,,,,,,,,,,,,,,,,,,,,,,,,,,,,
,,,,,,,,,,,,,,,,,,,,,,,,,,,,,,,,,,,,,,,,,,,,,
,,,,,,,,,,,,,,,,,,,,,,,,,,,,,,,,,,,,,,,,,,,,,
,,,,,,,,,,,,,,,,,,,,,,,,,,,,,,,,,,,,,,,,,,,,,
,,,,,,,,,,,,,,,,,,,,,,,,,,,,,,,,,,,,,,,,,,,,,
,,,,,,,,,,,,,,,,,,,,,,,,,,,,,,,,,,,,,,,,,,,,,
,,,,,,,,,,,,,,,,,,,,,,,,,,,,,,,,,,,,,,,,,,,,,
,,,,,,,,,,,,,,,,,,,,,,,,,,,,,,,,,,,,,,,,,,,,,
,,,,,,,,,,,,,,,,,,,,,,,,,,,,,,,,,,,,,,,,,,,,,
,,,,,,,,,,,,,,,,,,,,,,,,,,,,,,,,,,,,,,,,,,,,,
,,,,,,,,,,,,,,,,,,,,,,,,,,,,,,,,,,,,,,,,,,,,,
,,,,,,,,,,,,,,,,,,,,,,,,,,,,,,,,,,,,,,,,,,,,,
,,,,,,,,,,,,,,,,,,,,,,,,,,,,,,,,,,,,,,,,,,,,,
,,,,,,,,,,,,,,,,,,,,,,,,,,,,,,,,,,,,,,,,,,,,,
,,,,,,,,,,,,,,,,,,,,,,,,,,,,,,,,,,,,,,,,,,,,,
,,,,,,,,,,,,,,,,,,,,,,,,,,,,,,,,,,,,,,,,,,,,,
,,,,,,,,,,,,,,,,,,,,,,,,,,,,,,,,,,,,,,,,,,,,,
,,,,,,,,,,,,,,,,,,,,,,,,,,,,,,,,,,,,,,,,,,,,,
,,,,,,,,,,,,,,,,,,,,,,,,,,,,,,,,,,,,,,,,,,,,,
,,,,,,,,,,,,,,,,,,,,,,,,,,,,,,,,,,,,,,,,,,,,,
,,,,,,,,,,,,,,,,,,,,,,,,,,,,,,,,,,,,,,,,,,,,,
,,,,,,,,,,,,,,,,,,,,,,,,,,,,,,,,,,,,,,,,,,,,,
,,,,,,,,,,,,,,,,,,,,,,,,,,,,,,,,,,,,,,,,,,,,,
,,,,,,,,,,,,,,,,,,,,,,,,,,,,,,,,,,,,,,,,,,,,,
,,,,,,,,,,,,,,,,,,,,,,,,,,,,,,,,,,,,,,,,,,,,,
,,,,,,,,,,,,,,,,,,,,,,,,,,,,,,,,,,,,,,,,,,,,,
,,,,,,,,,,,,,,,,,,,,,,,,,,,,,,,,,,,,,,,,,,,,,
,,,,,,,,,,,,,,,,,,,,,,,,,,,,,,,,,,,,,,,,,,,,,
,,,,,,,,,,,,,,,,,,,,,,,,,,,,,,,,,,,,,,,,,,,,,
,,,,,,,,,,,,,,,,,,,,,,,,,,,,,,,,,,,,,,,,,,,,,
,,,,,,,,,,,,,,,,,,,,,,,,,,,,,,,,,,,,,,,,,,,,,
,,,,,,,,,,,,,,,,,,,,,,,,,,,,,,,,,,,,,,,,,,,,,
,,,,,,,,,,,,,,,,,,,,,,,,,,,,,,,,,,,,,,,,,,,,,
,,,,,,,,,,,,,,,,,,,,,,,,,,,,,,,,,,,,,,,,,,,,,
,,,,,,,,,,,,,,,,,,,,,,,,,,,,,,,,,,,,,,,,,,,,,
,,,,,,,,,,,,,,,,,,,,,,,,,,,,,,,,,,,,,,,,,,,,,
,,,,,,,,,,,,,,,,,,,,,,,,,,,,,,,,,,,,,,,,,,,,,
,,,,,,,,,,,,,,,,,,,,,,,,,,,,,,,,,,,,,,,,,,,,,
,,,,,,,,,,,,,,,,,,,,,,,,,,,,,,,,,,,,,,,,,,,,,
,,,,,,,,,,,,,,,,,,,,,,,,,,,,,,,,,,,,,,,,,,,,,
,,,,,,,,,,,,,,,,,,,,,,,,,,,,,,,,,,,,,,,,,,,,,
