Product URL,Force browser,Suggested Vendor,Suggested Category,Suggested Collection,Suggested Variant profile,Vendor,Product category,Variant profile,Collection,Shopify Category,Title,Description,Product image URL,Competitor price,Competitor currency,Sizes,Colors,Scraped variants,Price,SKU,Inventory quantity,Approve,Prompt Title,Prompt Description,Prompt Tags,Prompt SEO title,Prompt SEO description,Prompt Image alt,Prompt Category,Status,Tags,SEO title,SEO description,Image alt text,Scrape Status,Scrape method,Source Product URL,QA Status,AI Score,Overlap %,QA Issues,URL handle,Generated Image URL,Shopify Image URL,Shopify Product URL,lk_table,lk_keyword,lk_match_where,lk_priority,lk_gender,lk_product_type,lk_variant_profile,lk_collection_handle,lk_collection_title,lk_taxonomy_keyword,lk_vendor,lk_domain,lk_status,lk_notes
https://shop.mango.com/us/en/p/men/shirts/linen/regular-fit-100-linen-shirt/37031400/51/00,,"=IF(A2="""","""",IFERROR(INDEX($BE$2:$BE$194,MATCH(1,($AU$2:$AU$194=""vendor_map"")*ISNUMBER(SEARCH($BF$2:$BF$194,LOWER(A2))),0)),""""))","=IF(A2="""","""",IFERROR(INDEX($AZ$2:$AZ$194,MATCH(1,($AU$2:$AU$194=""product_type_map"")*ISNUMBER(SEARCH($AV$2:$AV$194,LOWER(A2&"" ""&L2&"" ""&M2))),0)),""""))","=IF(A2="""","""",IFERROR(INDEX($BB$2:$BB$194,MATCH(1,($AU$2:$AU$194=""collection_map"")*ISNUMBER(SEARCH($AV$2:$AV$194,LOWER(A2&"" ""&L2&"" ""&M2))),0)),""""))","=IF(A2="""","""",IFERROR(INDEX($BA$2:$BA$194,MATCH(1,($AU$2:$AU$194=""product_type_map"")*ISNUMBER(SEARCH($AV$2:$AV$194,LOWER(A2&"" ""&L2&"" ""&M2))),0)),""""))",,,,,,,,,,,,,,,,,,,,,,,,,,,,,,,,,,,,,,,,,shopify_collection,,,,,,,kids,kids,,,,CREATED,Your store — all kids/boys/girls products
https://www.everlane.com/products/womens-cheeky-straight-jean,,"=IF(A3="""","""",IFERROR(INDEX($BE$2:$BE$194,MATCH(1,($AU$2:$AU$194=""vendor_map"")*ISNUMBER(SEARCH($BF$2:$BF$194,LOWER(A3))),0)),""""))","=IF(A3="""","""",IFERROR(INDEX($AZ$2:$AZ$194,MATCH(1,($AU$2:$AU$194=""product_type_map"")*ISNUMBER(SEARCH($AV$2:$AV$194,LOWER(A3&"" ""&L3&"" ""&M3))),0)),""""))","=IF(A3="""","""",IFERROR(INDEX($BB$2:$BB$194,MATCH(1,($AU$2:$AU$194=""collection_map"")*ISNUMBER(SEARCH($AV$2:$AV$194,LOWER(A3&"" ""&L3&"" ""&M3))),0)),""""))","=IF(A3="""","""",IFERROR(INDEX($BA$2:$BA$194,MATCH(1,($AU$2:$AU$194=""product_type_map"")*ISNUMBER(SEARCH($AV$2:$AV$194,LOWER(A3&"" ""&L3&"" ""&M3))),0)),""""))",,,,,,,,,,,,,,,,,,,,,,,,,,,,,,,,,,,,,,,,,shopify_collection,,,,,,,mens-accessories,mens-accessories,,,,CREATED,Bags belts hats wallets watches jewelry
,,"=IF(A4="""","""",IFERROR(INDEX($BE$2:$BE$194,MATCH(1,($AU$2:$AU$194=""vendor_map"")*ISNUMBER(SEARCH($BF$2:$BF$194,LOWER(A4))),0)),""""))","=IF(A4="""","""",IFERROR(INDEX($AZ$2:$AZ$194,MATCH(1,($AU$2:$AU$194=""product_type_map"")*ISNUMBER(SEARCH($AV$2:$AV$194,LOWER(A4&"" ""&L4&"" ""&M4))),0)),""""))","=IF(A4="""","""",IFERROR(INDEX($BB$2:$BB$194,MATCH(1,($AU$2:$AU$194=""collection_map"")*ISNUMBER(SEARCH($AV$2:$AV$194,LOWER(A4&"" ""&L4&"" ""&M4))),0)),""""))","=IF(A4="""","""",IFERROR(INDEX($BA$2:$BA$194,MATCH(1,($AU$2:$AU$194=""product_type_map"")*ISNUMBER(SEARCH($AV$2:$AV$194,LOWER(A4&"" ""&L4&"" ""&M4))),0)),""""))",,,,,,,,,,,,,,,,,,,,,,,,,,,,,,,,,,,,,,,,,shopify_collection,,,,,,,womens-accessories,womens-accessories,,,,CREATED,Bags belts hats scarves jewelry
,,"=IF(A5="""","""",IFERROR(INDEX($BE$2:$BE$194,MATCH(1,($AU$2:$AU$194=""vendor_map"")*ISNUMBER(SEARCH($BF$2:$BF$194,LOWER(A5))),0)),""""))","=IF(A5="""","""",IFERROR(INDEX($AZ$2:$AZ$194,MATCH(1,($AU$2:$AU$194=""product_type_map"")*ISNUMBER(SEARCH($AV$2:$AV$194,LOWER(A5&"" ""&L5&"" ""&M5))),0)),""""))","=IF(A5="""","""",IFERROR(INDEX($BB$2:$BB$194,MATCH(1,($AU$2:$AU$194=""collection_map"")*ISNUMBER(SEARCH($AV$2:$AV$194,LOWER(A5&"" ""&L5&"" ""&M5))),0)),""""))","=IF(A5="""","""",IFERROR(INDEX($BA$2:$BA$194,MATCH(1,($AU$2:$AU$194=""product_type_map"")*ISNUMBER(SEARCH($AV$2:$AV$194,LOWER(A5&"" ""&L5&"" ""&M5))),0)),""""))",,,,,,,,,,,,,,,,,,,,,,,,,,,,,,,,,,,,,,,,,shopify_collection,,,,,,,mens-shoes,mens-shoes,,,,CREATED,Boots sneakers loafers
,,"=IF(A6="""","""",IFERROR(INDEX($BE$2:$BE$194,MATCH(1,($AU$2:$AU$194=""vendor_map"")*ISNUMBER(SEARCH($BF$2:$BF$194,LOWER(A6))),0)),""""))","=IF(A6="""","""",IFERROR(INDEX($AZ$2:$AZ$194,MATCH(1,($AU$2:$AU$194=""product_type_map"")*ISNUMBER(SEARCH($AV$2:$AV$194,LOWER(A6&"" ""&L6&"" ""&M6))),0)),""""))","=IF(A6="""","""",IFERROR(INDEX($BB$2:$BB$194,MATCH(1,($AU$2:$AU$194=""collection_map"")*ISNUMBER(SEARCH($AV$2:$AV$194,LOWER(A6&"" ""&L6&"" ""&M6))),0)),""""))","=IF(A6="""","""",IFERROR(INDEX($BA$2:$BA$194,MATCH(1,($AU$2:$AU$194=""product_type_map"")*ISNUMBER(SEARCH($AV$2:$AV$194,LOWER(A6&"" ""&L6&"" ""&M6))),0)),""""))",,,,,,,,,,,,,,,,,,,,,,,,,,,,,,,,,,,,,,,,,shopify_collection,,,,,,,womens-shoes,womens-shoes,,,,CREATED,Heels boots sneakers sandals
,,"=IF(A7="""","""",IFERROR(INDEX($BE$2:$BE$194,MATCH(1,($AU$2:$AU$194=""vendor_map"")*ISNUMBER(SEARCH($BF$2:$BF$194,LOWER(A7))),0)),""""))","=IF(A7="""","""",IFERROR(INDEX($AZ$2:$AZ$194,MATCH(1,($AU$2:$AU$194=""product_type_map"")*ISNUMBER(SEARCH($AV$2:$AV$194,LOWER(A7&"" ""&L7&"" ""&M7))),0)),""""))","=IF(A7="""","""",IFERROR(INDEX($BB$2:$BB$194,MATCH(1,($AU$2:$AU$194=""collection_map"")*ISNUMBER(SEARCH($AV$2:$AV$194,LOWER(A7&"" ""&L7&"" ""&M7))),0)),""""))","=IF(A7="""","""",IFERROR(INDEX($BA$2:$BA$194,MATCH(1,($AU$2:$AU$194=""product_type_map"")*ISNUMBER(SEARCH($AV$2:$AV$194,LOWER(A7&"" ""&L7&"" ""&M7))),0)),""""))",,,,,,,,,,,,,,,,,,,,,,,,,,,,,,,,,,,,,,,,,shopify_collection,,,,,,,mens-outerwear,mens-outerwear,,,,CREATED,Jackets coats hoodies fleece
,,"=IF(A8="""","""",IFERROR(INDEX($BE$2:$BE$194,MATCH(1,($AU$2:$AU$194=""vendor_map"")*ISNUMBER(SEARCH($BF$2:$BF$194,LOWER(A8))),0)),""""))","=IF(A8="""","""",IFERROR(INDEX($AZ$2:$AZ$194,MATCH(1,($AU$2:$AU$194=""product_type_map"")*ISNUMBER(SEARCH($AV$2:$AV$194,LOWER(A8&"" ""&L8&"" ""&M8))),0)),""""))","=IF(A8="""","""",IFERROR(INDEX($BB$2:$BB$194,MATCH(1,($AU$2:$AU$194=""collection_map"")*ISNUMBER(SEARCH($AV$2:$AV$194,LOWER(A8&"" ""&L8&"" ""&M8))),0)),""""))","=IF(A8="""","""",IFERROR(INDEX($BA$2:$BA$194,MATCH(1,($AU$2:$AU$194=""product_type_map"")*ISNUMBER(SEARCH($AV$2:$AV$194,LOWER(A8&"" ""&L8&"" ""&M8))),0)),""""))",,,,,,,,,,,,,,,,,,,,,,,,,,,,,,,,,,,,,,,,,shopify_collection,,,,,,,mens-pants,mens-pants,,,,CREATED,Jeans chinos trousers shorts
,,"=IF(A9="""","""",IFERROR(INDEX($BE$2:$BE$194,MATCH(1,($AU$2:$AU$194=""vendor_map"")*ISNUMBER(SEARCH($BF$2:$BF$194,LOWER(A9))),0)),""""))","=IF(A9="""","""",IFERROR(INDEX($AZ$2:$AZ$194,MATCH(1,($AU$2:$AU$194=""product_type_map"")*ISNUMBER(SEARCH($AV$2:$AV$194,LOWER(A9&"" ""&L9&"" ""&M9))),0)),""""))","=IF(A9="""","""",IFERROR(INDEX($BB$2:$BB$194,MATCH(1,($AU$2:$AU$194=""collection_map"")*ISNUMBER(SEARCH($AV$2:$AV$194,LOWER(A9&"" ""&L9&"" ""&M9))),0)),""""))","=IF(A9="""","""",IFERROR(INDEX($BA$2:$BA$194,MATCH(1,($AU$2:$AU$194=""product_type_map"")*ISNUMBER(SEARCH($AV$2:$AV$194,LOWER(A9&"" ""&L9&"" ""&M9))),0)),""""))",,,,,,,,,,,,,,,,,,,,,,,,,,,,,,,,,,,,,,,,,shopify_collection,,,,,,,mens-shirts,mens-shirts,,,,CREATED,All shirt types
,,"=IF(A10="""","""",IFERROR(INDEX($BE$2:$BE$194,MATCH(1,($AU$2:$AU$194=""vendor_map"")*ISNUMBER(SEARCH($BF$2:$BF$194,LOWER(A10))),0)),""""))","=IF(A10="""","""",IFERROR(INDEX($AZ$2:$AZ$194,MATCH(1,($AU$2:$AU$194=""product_type_map"")*ISNUMBER(SEARCH($AV$2:$AV$194,LOWER(A10&"" ""&L10&"" ""&M10))),0)),""""))","=IF(A10="""","""",IFERROR(INDEX($BB$2:$BB$194,MATCH(1,($AU$2:$AU$194=""collection_map"")*ISNUMBER(SEARCH($AV$2:$AV$194,LOWER(A10&"" ""&L10&"" ""&M10))),0)),""""))","=IF(A10="""","""",IFERROR(INDEX($BA$2:$BA$194,MATCH(1,($AU$2:$AU$194=""product_type_map"")*ISNUMBER(SEARCH($AV$2:$AV$194,LOWER(A10&"" ""&L10&"" ""&M10))),0)),""""))",,,,,,,,,,,,,,,,,,,,,,,,,,,,,,,,,,,,,,,,,shopify_collection,,,,,,,womens-intimates,womens-intimates,,,,CREATED,Underwear bodysuits bras Skims
,,"=IF(A11="""","""",IFERROR(INDEX($BE$2:$BE$194,MATCH(1,($AU$2:$AU$194=""vendor_map"")*ISNUMBER(SEARCH($BF$2:$BF$194,LOWER(A11))),0)),""""))","=IF(A11="""","""",IFERROR(INDEX($AZ$2:$AZ$194,MATCH(1,($AU$2:$AU$194=""product_type_map"")*ISNUMBER(SEARCH($AV$2:$AV$194,LOWER(A11&"" ""&L11&"" ""&M11))),0)),""""))","=IF(A11="""","""",IFERROR(INDEX($BB$2:$BB$194,MATCH(1,($AU$2:$AU$194=""collection_map"")*ISNUMBER(SEARCH($AV$2:$AV$194,LOWER(A11&"" ""&L11&"" ""&M11))),0)),""""))","=IF(A11="""","""",IFERROR(INDEX($BA$2:$BA$194,MATCH(1,($AU$2:$AU$194=""product_type_map"")*ISNUMBER(SEARCH($AV$2:$AV$194,LOWER(A11&"" ""&L11&"" ""&M11))),0)),""""))",,,,,,,,,,,,,,,,,,,,,,,,,,,,,,,,,,,,,,,,,shopify_collection,,,,,,,womens-bottoms,womens-bottoms,,,,CREATED,Jeans pants skirts leggings shorts
,,"=IF(A12="""","""",IFERROR(INDEX($BE$2:$BE$194,MATCH(1,($AU$2:$AU$194=""vendor_map"")*ISNUMBER(SEARCH($BF$2:$BF$194,LOWER(A12))),0)),""""))","=IF(A12="""","""",IFERROR(INDEX($AZ$2:$AZ$194,MATCH(1,($AU$2:$AU$194=""product_type_map"")*ISNUMBER(SEARCH($AV$2:$AV$194,LOWER(A12&"" ""&L12&"" ""&M12))),0)),""""))","=IF(A12="""","""",IFERROR(INDEX($BB$2:$BB$194,MATCH(1,($AU$2:$AU$194=""collection_map"")*ISNUMBER(SEARCH($AV$2:$AV$194,LOWER(A12&"" ""&L12&"" ""&M12))),0)),""""))","=IF(A12="""","""",IFERROR(INDEX($BA$2:$BA$194,MATCH(1,($AU$2:$AU$194=""product_type_map"")*ISNUMBER(SEARCH($AV$2:$AV$194,LOWER(A12&"" ""&L12&"" ""&M12))),0)),""""))",,,,,,,,,,,,,,,,,,,,,,,,,,,,,,,,,,,,,,,,,shopify_collection,,,,,,,womens-tops,womens-tops,,,,CREATED,Shirts blouses tees sweaters tanks — NOT jackets/coats
,,"=IF(A13="""","""",IFERROR(INDEX($BE$2:$BE$194,MATCH(1,($AU$2:$AU$194=""vendor_map"")*ISNUMBER(SEARCH($BF$2:$BF$194,LOWER(A13))),0)),""""))","=IF(A13="""","""",IFERROR(INDEX($AZ$2:$AZ$194,MATCH(1,($AU$2:$AU$194=""product_type_map"")*ISNUMBER(SEARCH($AV$2:$AV$194,LOWER(A13&"" ""&L13&"" ""&M13))),0)),""""))","=IF(A13="""","""",IFERROR(INDEX($BB$2:$BB$194,MATCH(1,($AU$2:$AU$194=""collection_map"")*ISNUMBER(SEARCH($AV$2:$AV$194,LOWER(A13&"" ""&L13&"" ""&M13))),0)),""""))","=IF(A13="""","""",IFERROR(INDEX($BA$2:$BA$194,MATCH(1,($AU$2:$AU$194=""product_type_map"")*ISNUMBER(SEARCH($AV$2:$AV$194,LOWER(A13&"" ""&L13&"" ""&M13))),0)),""""))",,,,,,,,,,,,,,,,,,,,,,,,,,,,,,,,,,,,,,,,,shopify_collection,,,,,,,womens-outerwear,womens-outerwear,,,,CREATED,Jackets coats blazers hoodies fleece — separate from tops
,,"=IF(A14="""","""",IFERROR(INDEX($BE$2:$BE$194,MATCH(1,($AU$2:$AU$194=""vendor_map"")*ISNUMBER(SEARCH($BF$2:$BF$194,LOWER(A14))),0)),""""))","=IF(A14="""","""",IFERROR(INDEX($AZ$2:$AZ$194,MATCH(1,($AU$2:$AU$194=""product_type_map"")*ISNUMBER(SEARCH($AV$2:$AV$194,LOWER(A14&"" ""&L14&"" ""&M14))),0)),""""))","=IF(A14="""","""",IFERROR(INDEX($BB$2:$BB$194,MATCH(1,($AU$2:$AU$194=""collection_map"")*ISNUMBER(SEARCH($AV$2:$AV$194,LOWER(A14&"" ""&L14&"" ""&M14))),0)),""""))","=IF(A14="""","""",IFERROR(INDEX($BA$2:$BA$194,MATCH(1,($AU$2:$AU$194=""product_type_map"")*ISNUMBER(SEARCH($AV$2:$AV$194,LOWER(A14&"" ""&L14&"" ""&M14))),0)),""""))",,,,,,,,,,,,,,,,,,,,,,,,,,,,,,,,,,,,,,,,,shopify_collection,,,,,,,womens-dresses,womens-dresses,,,,CREATED,Dresses jumpsuits rompers
,,"=IF(A15="""","""",IFERROR(INDEX($BE$2:$BE$194,MATCH(1,($AU$2:$AU$194=""vendor_map"")*ISNUMBER(SEARCH($BF$2:$BF$194,LOWER(A15))),0)),""""))","=IF(A15="""","""",IFERROR(INDEX($AZ$2:$AZ$194,MATCH(1,($AU$2:$AU$194=""product_type_map"")*ISNUMBER(SEARCH($AV$2:$AV$194,LOWER(A15&"" ""&L15&"" ""&M15))),0)),""""))","=IF(A15="""","""",IFERROR(INDEX($BB$2:$BB$194,MATCH(1,($AU$2:$AU$194=""collection_map"")*ISNUMBER(SEARCH($AV$2:$AV$194,LOWER(A15&"" ""&L15&"" ""&M15))),0)),""""))","=IF(A15="""","""",IFERROR(INDEX($BA$2:$BA$194,MATCH(1,($AU$2:$AU$194=""product_type_map"")*ISNUMBER(SEARCH($AV$2:$AV$194,LOWER(A15&"" ""&L15&"" ""&M15))),0)),""""))",,,,,,,,,,,,,,,,,,,,,,,,,,,,,,,,,,,,,,,,,collection_map,dress,any,10,women,,,womens-dresses,womens-dresses,,,,,
,,"=IF(A16="""","""",IFERROR(INDEX($BE$2:$BE$194,MATCH(1,($AU$2:$AU$194=""vendor_map"")*ISNUMBER(SEARCH($BF$2:$BF$194,LOWER(A16))),0)),""""))","=IF(A16="""","""",IFERROR(INDEX($AZ$2:$AZ$194,MATCH(1,($AU$2:$AU$194=""product_type_map"")*ISNUMBER(SEARCH($AV$2:$AV$194,LOWER(A16&"" ""&L16&"" ""&M16))),0)),""""))","=IF(A16="""","""",IFERROR(INDEX($BB$2:$BB$194,MATCH(1,($AU$2:$AU$194=""collection_map"")*ISNUMBER(SEARCH($AV$2:$AV$194,LOWER(A16&"" ""&L16&"" ""&M16))),0)),""""))","=IF(A16="""","""",IFERROR(INDEX($BA$2:$BA$194,MATCH(1,($AU$2:$AU$194=""product_type_map"")*ISNUMBER(SEARCH($AV$2:$AV$194,LOWER(A16&"" ""&L16&"" ""&M16))),0)),""""))",,,,,,,,,,,,,,,,,,,,,,,,,,,,,,,,,,,,,,,,,collection_map,gown,any,12,women,,,womens-dresses,womens-dresses,,,,,
,,"=IF(A17="""","""",IFERROR(INDEX($BE$2:$BE$194,MATCH(1,($AU$2:$AU$194=""vendor_map"")*ISNUMBER(SEARCH($BF$2:$BF$194,LOWER(A17))),0)),""""))","=IF(A17="""","""",IFERROR(INDEX($AZ$2:$AZ$194,MATCH(1,($AU$2:$AU$194=""product_type_map"")*ISNUMBER(SEARCH($AV$2:$AV$194,LOWER(A17&"" ""&L17&"" ""&M17))),0)),""""))","=IF(A17="""","""",IFERROR(INDEX($BB$2:$BB$194,MATCH(1,($AU$2:$AU$194=""collection_map"")*ISNUMBER(SEARCH($AV$2:$AV$194,LOWER(A17&"" ""&L17&"" ""&M17))),0)),""""))","=IF(A17="""","""",IFERROR(INDEX($BA$2:$BA$194,MATCH(1,($AU$2:$AU$194=""product_type_map"")*ISNUMBER(SEARCH($AV$2:$AV$194,LOWER(A17&"" ""&L17&"" ""&M17))),0)),""""))",,,,,,,,,,,,,,,,,,,,,,,,,,,,,,,,,,,,,,,,,collection_map,midi,title,15,women,,,womens-dresses,womens-dresses,,,,,
,,"=IF(A18="""","""",IFERROR(INDEX($BE$2:$BE$194,MATCH(1,($AU$2:$AU$194=""vendor_map"")*ISNUMBER(SEARCH($BF$2:$BF$194,LOWER(A18))),0)),""""))","=IF(A18="""","""",IFERROR(INDEX($AZ$2:$AZ$194,MATCH(1,($AU$2:$AU$194=""product_type_map"")*ISNUMBER(SEARCH($AV$2:$AV$194,LOWER(A18&"" ""&L18&"" ""&M18))),0)),""""))","=IF(A18="""","""",IFERROR(INDEX($BB$2:$BB$194,MATCH(1,($AU$2:$AU$194=""collection_map"")*ISNUMBER(SEARCH($AV$2:$AV$194,LOWER(A18&"" ""&L18&"" ""&M18))),0)),""""))","=IF(A18="""","""",IFERROR(INDEX($BA$2:$BA$194,MATCH(1,($AU$2:$AU$194=""product_type_map"")*ISNUMBER(SEARCH($AV$2:$AV$194,LOWER(A18&"" ""&L18&"" ""&M18))),0)),""""))",,,,,,,,,,,,,,,,,,,,,,,,,,,,,,,,,,,,,,,,,collection_map,maxi,title,15,women,,,womens-dresses,womens-dresses,,,,,
,,"=IF(A19="""","""",IFERROR(INDEX($BE$2:$BE$194,MATCH(1,($AU$2:$AU$194=""vendor_map"")*ISNUMBER(SEARCH($BF$2:$BF$194,LOWER(A19))),0)),""""))","=IF(A19="""","""",IFERROR(INDEX($AZ$2:$AZ$194,MATCH(1,($AU$2:$AU$194=""product_type_map"")*ISNUMBER(SEARCH($AV$2:$AV$194,LOWER(A19&"" ""&L19&"" ""&M19))),0)),""""))","=IF(A19="""","""",IFERROR(INDEX($BB$2:$BB$194,MATCH(1,($AU$2:$AU$194=""collection_map"")*ISNUMBER(SEARCH($AV$2:$AV$194,LOWER(A19&"" ""&L19&"" ""&M19))),0)),""""))","=IF(A19="""","""",IFERROR(INDEX($BA$2:$BA$194,MATCH(1,($AU$2:$AU$194=""product_type_map"")*ISNUMBER(SEARCH($AV$2:$AV$194,LOWER(A19&"" ""&L19&"" ""&M19))),0)),""""))",,,,,,,,,,,,,,,,,,,,,,,,,,,,,,,,,,,,,,,,,collection_map,jumpsuit,any,10,women,,,womens-dresses,womens-dresses,,,,,
,,"=IF(A20="""","""",IFERROR(INDEX($BE$2:$BE$194,MATCH(1,($AU$2:$AU$194=""vendor_map"")*ISNUMBER(SEARCH($BF$2:$BF$194,LOWER(A20))),0)),""""))","=IF(A20="""","""",IFERROR(INDEX($AZ$2:$AZ$194,MATCH(1,($AU$2:$AU$194=""product_type_map"")*ISNUMBER(SEARCH($AV$2:$AV$194,LOWER(A20&"" ""&L20&"" ""&M20))),0)),""""))","=IF(A20="""","""",IFERROR(INDEX($BB$2:$BB$194,MATCH(1,($AU$2:$AU$194=""collection_map"")*ISNUMBER(SEARCH($AV$2:$AV$194,LOWER(A20&"" ""&L20&"" ""&M20))),0)),""""))","=IF(A20="""","""",IFERROR(INDEX($BA$2:$BA$194,MATCH(1,($AU$2:$AU$194=""product_type_map"")*ISNUMBER(SEARCH($AV$2:$AV$194,LOWER(A20&"" ""&L20&"" ""&M20))),0)),""""))",,,,,,,,,,,,,,,,,,,,,,,,,,,,,,,,,,,,,,,,,collection_map,romper,any,10,women,,,womens-dresses,womens-dresses,,,,,
,,"=IF(A21="""","""",IFERROR(INDEX($BE$2:$BE$194,MATCH(1,($AU$2:$AU$194=""vendor_map"")*ISNUMBER(SEARCH($BF$2:$BF$194,LOWER(A21))),0)),""""))","=IF(A21="""","""",IFERROR(INDEX($AZ$2:$AZ$194,MATCH(1,($AU$2:$AU$194=""product_type_map"")*ISNUMBER(SEARCH($AV$2:$AV$194,LOWER(A21&"" ""&L21&"" ""&M21))),0)),""""))","=IF(A21="""","""",IFERROR(INDEX($BB$2:$BB$194,MATCH(1,($AU$2:$AU$194=""collection_map"")*ISNUMBER(SEARCH($AV$2:$AV$194,LOWER(A21&"" ""&L21&"" ""&M21))),0)),""""))","=IF(A21="""","""",IFERROR(INDEX($BA$2:$BA$194,MATCH(1,($AU$2:$AU$194=""product_type_map"")*ISNUMBER(SEARCH($AV$2:$AV$194,LOWER(A21&"" ""&L21&"" ""&M21))),0)),""""))",,,,,,,,,,,,,,,,,,,,,,,,,,,,,,,,,,,,,,,,,collection_map,blouse,any,10,women,,,womens-tops,womens-tops,,,,,
,,"=IF(A22="""","""",IFERROR(INDEX($BE$2:$BE$194,MATCH(1,($AU$2:$AU$194=""vendor_map"")*ISNUMBER(SEARCH($BF$2:$BF$194,LOWER(A22))),0)),""""))","=IF(A22="""","""",IFERROR(INDEX($AZ$2:$AZ$194,MATCH(1,($AU$2:$AU$194=""product_type_map"")*ISNUMBER(SEARCH($AV$2:$AV$194,LOWER(A22&"" ""&L22&"" ""&M22))),0)),""""))","=IF(A22="""","""",IFERROR(INDEX($BB$2:$BB$194,MATCH(1,($AU$2:$AU$194=""collection_map"")*ISNUMBER(SEARCH($AV$2:$AV$194,LOWER(A22&"" ""&L22&"" ""&M22))),0)),""""))","=IF(A22="""","""",IFERROR(INDEX($BA$2:$BA$194,MATCH(1,($AU$2:$AU$194=""product_type_map"")*ISNUMBER(SEARCH($AV$2:$AV$194,LOWER(A22&"" ""&L22&"" ""&M22))),0)),""""))",,,,,,,,,,,,,,,,,,,,,,,,,,,,,,,,,,,,,,,,,collection_map,top,any,20,women,,,womens-tops,womens-tops,,,,,Broad word — lower priority
,,"=IF(A23="""","""",IFERROR(INDEX($BE$2:$BE$194,MATCH(1,($AU$2:$AU$194=""vendor_map"")*ISNUMBER(SEARCH($BF$2:$BF$194,LOWER(A23))),0)),""""))","=IF(A23="""","""",IFERROR(INDEX($AZ$2:$AZ$194,MATCH(1,($AU$2:$AU$194=""product_type_map"")*ISNUMBER(SEARCH($AV$2:$AV$194,LOWER(A23&"" ""&L23&"" ""&M23))),0)),""""))","=IF(A23="""","""",IFERROR(INDEX($BB$2:$BB$194,MATCH(1,($AU$2:$AU$194=""collection_map"")*ISNUMBER(SEARCH($AV$2:$AV$194,LOWER(A23&"" ""&L23&"" ""&M23))),0)),""""))","=IF(A23="""","""",IFERROR(INDEX($BA$2:$BA$194,MATCH(1,($AU$2:$AU$194=""product_type_map"")*ISNUMBER(SEARCH($AV$2:$AV$194,LOWER(A23&"" ""&L23&"" ""&M23))),0)),""""))",,,,,,,,,,,,,,,,,,,,,,,,,,,,,,,,,,,,,,,,,collection_map,tee,any,10,women,,,womens-tops,womens-tops,,,,,
,,"=IF(A24="""","""",IFERROR(INDEX($BE$2:$BE$194,MATCH(1,($AU$2:$AU$194=""vendor_map"")*ISNUMBER(SEARCH($BF$2:$BF$194,LOWER(A24))),0)),""""))","=IF(A24="""","""",IFERROR(INDEX($AZ$2:$AZ$194,MATCH(1,($AU$2:$AU$194=""product_type_map"")*ISNUMBER(SEARCH($AV$2:$AV$194,LOWER(A24&"" ""&L24&"" ""&M24))),0)),""""))","=IF(A24="""","""",IFERROR(INDEX($BB$2:$BB$194,MATCH(1,($AU$2:$AU$194=""collection_map"")*ISNUMBER(SEARCH($AV$2:$AV$194,LOWER(A24&"" ""&L24&"" ""&M24))),0)),""""))","=IF(A24="""","""",IFERROR(INDEX($BA$2:$BA$194,MATCH(1,($AU$2:$AU$194=""product_type_map"")*ISNUMBER(SEARCH($AV$2:$AV$194,LOWER(A24&"" ""&L24&"" ""&M24))),0)),""""))",,,,,,,,,,,,,,,,,,,,,,,,,,,,,,,,,,,,,,,,,collection_map,t-shirt,any,10,women,,,womens-tops,womens-tops,,,,,
,,"=IF(A25="""","""",IFERROR(INDEX($BE$2:$BE$194,MATCH(1,($AU$2:$AU$194=""vendor_map"")*ISNUMBER(SEARCH($BF$2:$BF$194,LOWER(A25))),0)),""""))","=IF(A25="""","""",IFERROR(INDEX($AZ$2:$AZ$194,MATCH(1,($AU$2:$AU$194=""product_type_map"")*ISNUMBER(SEARCH($AV$2:$AV$194,LOWER(A25&"" ""&L25&"" ""&M25))),0)),""""))","=IF(A25="""","""",IFERROR(INDEX($BB$2:$BB$194,MATCH(1,($AU$2:$AU$194=""collection_map"")*ISNUMBER(SEARCH($AV$2:$AV$194,LOWER(A25&"" ""&L25&"" ""&M25))),0)),""""))","=IF(A25="""","""",IFERROR(INDEX($BA$2:$BA$194,MATCH(1,($AU$2:$AU$194=""product_type_map"")*ISNUMBER(SEARCH($AV$2:$AV$194,LOWER(A25&"" ""&L25&"" ""&M25))),0)),""""))",,,,,,,,,,,,,,,,,,,,,,,,,,,,,,,,,,,,,,,,,collection_map,tank,any,10,women,,,womens-tops,womens-tops,,,,,
,,"=IF(A26="""","""",IFERROR(INDEX($BE$2:$BE$194,MATCH(1,($AU$2:$AU$194=""vendor_map"")*ISNUMBER(SEARCH($BF$2:$BF$194,LOWER(A26))),0)),""""))","=IF(A26="""","""",IFERROR(INDEX($AZ$2:$AZ$194,MATCH(1,($AU$2:$AU$194=""product_type_map"")*ISNUMBER(SEARCH($AV$2:$AV$194,LOWER(A26&"" ""&L26&"" ""&M26))),0)),""""))","=IF(A26="""","""",IFERROR(INDEX($BB$2:$BB$194,MATCH(1,($AU$2:$AU$194=""collection_map"")*ISNUMBER(SEARCH($AV$2:$AV$194,LOWER(A26&"" ""&L26&"" ""&M26))),0)),""""))","=IF(A26="""","""",IFERROR(INDEX($BA$2:$BA$194,MATCH(1,($AU$2:$AU$194=""product_type_map"")*ISNUMBER(SEARCH($AV$2:$AV$194,LOWER(A26&"" ""&L26&"" ""&M26))),0)),""""))",,,,,,,,,,,,,,,,,,,,,,,,,,,,,,,,,,,,,,,,,collection_map,shirt,any,15,women,,,womens-tops,womens-tops,,,,,Women's shirts
,,"=IF(A27="""","""",IFERROR(INDEX($BE$2:$BE$194,MATCH(1,($AU$2:$AU$194=""vendor_map"")*ISNUMBER(SEARCH($BF$2:$BF$194,LOWER(A27))),0)),""""))","=IF(A27="""","""",IFERROR(INDEX($AZ$2:$AZ$194,MATCH(1,($AU$2:$AU$194=""product_type_map"")*ISNUMBER(SEARCH($AV$2:$AV$194,LOWER(A27&"" ""&L27&"" ""&M27))),0)),""""))","=IF(A27="""","""",IFERROR(INDEX($BB$2:$BB$194,MATCH(1,($AU$2:$AU$194=""collection_map"")*ISNUMBER(SEARCH($AV$2:$AV$194,LOWER(A27&"" ""&L27&"" ""&M27))),0)),""""))","=IF(A27="""","""",IFERROR(INDEX($BA$2:$BA$194,MATCH(1,($AU$2:$AU$194=""product_type_map"")*ISNUMBER(SEARCH($AV$2:$AV$194,LOWER(A27&"" ""&L27&"" ""&M27))),0)),""""))",,,,,,,,,,,,,,,,,,,,,,,,,,,,,,,,,,,,,,,,,collection_map,sweater,any,10,women,,,womens-tops,womens-tops,,,,,
,,"=IF(A28="""","""",IFERROR(INDEX($BE$2:$BE$194,MATCH(1,($AU$2:$AU$194=""vendor_map"")*ISNUMBER(SEARCH($BF$2:$BF$194,LOWER(A28))),0)),""""))","=IF(A28="""","""",IFERROR(INDEX($AZ$2:$AZ$194,MATCH(1,($AU$2:$AU$194=""product_type_map"")*ISNUMBER(SEARCH($AV$2:$AV$194,LOWER(A28&"" ""&L28&"" ""&M28))),0)),""""))","=IF(A28="""","""",IFERROR(INDEX($BB$2:$BB$194,MATCH(1,($AU$2:$AU$194=""collection_map"")*ISNUMBER(SEARCH($AV$2:$AV$194,LOWER(A28&"" ""&L28&"" ""&M28))),0)),""""))","=IF(A28="""","""",IFERROR(INDEX($BA$2:$BA$194,MATCH(1,($AU$2:$AU$194=""product_type_map"")*ISNUMBER(SEARCH($AV$2:$AV$194,LOWER(A28&"" ""&L28&"" ""&M28))),0)),""""))",,,,,,,,,,,,,,,,,,,,,,,,,,,,,,,,,,,,,,,,,collection_map,cardigan,any,10,women,,,womens-tops,womens-tops,,,,,
,,"=IF(A29="""","""",IFERROR(INDEX($BE$2:$BE$194,MATCH(1,($AU$2:$AU$194=""vendor_map"")*ISNUMBER(SEARCH($BF$2:$BF$194,LOWER(A29))),0)),""""))","=IF(A29="""","""",IFERROR(INDEX($AZ$2:$AZ$194,MATCH(1,($AU$2:$AU$194=""product_type_map"")*ISNUMBER(SEARCH($AV$2:$AV$194,LOWER(A29&"" ""&L29&"" ""&M29))),0)),""""))","=IF(A29="""","""",IFERROR(INDEX($BB$2:$BB$194,MATCH(1,($AU$2:$AU$194=""collection_map"")*ISNUMBER(SEARCH($AV$2:$AV$194,LOWER(A29&"" ""&L29&"" ""&M29))),0)),""""))","=IF(A29="""","""",IFERROR(INDEX($BA$2:$BA$194,MATCH(1,($AU$2:$AU$194=""product_type_map"")*ISNUMBER(SEARCH($AV$2:$AV$194,LOWER(A29&"" ""&L29&"" ""&M29))),0)),""""))",,,,,,,,,,,,,,,,,,,,,,,,,,,,,,,,,,,,,,,,,collection_map,hoodie,any,10,women,,,womens-outerwear,womens-outerwear,,,,,Outerwear not tops
,,"=IF(A30="""","""",IFERROR(INDEX($BE$2:$BE$194,MATCH(1,($AU$2:$AU$194=""vendor_map"")*ISNUMBER(SEARCH($BF$2:$BF$194,LOWER(A30))),0)),""""))","=IF(A30="""","""",IFERROR(INDEX($AZ$2:$AZ$194,MATCH(1,($AU$2:$AU$194=""product_type_map"")*ISNUMBER(SEARCH($AV$2:$AV$194,LOWER(A30&"" ""&L30&"" ""&M30))),0)),""""))","=IF(A30="""","""",IFERROR(INDEX($BB$2:$BB$194,MATCH(1,($AU$2:$AU$194=""collection_map"")*ISNUMBER(SEARCH($AV$2:$AV$194,LOWER(A30&"" ""&L30&"" ""&M30))),0)),""""))","=IF(A30="""","""",IFERROR(INDEX($BA$2:$BA$194,MATCH(1,($AU$2:$AU$194=""product_type_map"")*ISNUMBER(SEARCH($AV$2:$AV$194,LOWER(A30&"" ""&L30&"" ""&M30))),0)),""""))",,,,,,,,,,,,,,,,,,,,,,,,,,,,,,,,,,,,,,,,,collection_map,jean,any,10,women,,,womens-bottoms,womens-bottoms,,,,,
,,"=IF(A31="""","""",IFERROR(INDEX($BE$2:$BE$194,MATCH(1,($AU$2:$AU$194=""vendor_map"")*ISNUMBER(SEARCH($BF$2:$BF$194,LOWER(A31))),0)),""""))","=IF(A31="""","""",IFERROR(INDEX($AZ$2:$AZ$194,MATCH(1,($AU$2:$AU$194=""product_type_map"")*ISNUMBER(SEARCH($AV$2:$AV$194,LOWER(A31&"" ""&L31&"" ""&M31))),0)),""""))","=IF(A31="""","""",IFERROR(INDEX($BB$2:$BB$194,MATCH(1,($AU$2:$AU$194=""collection_map"")*ISNUMBER(SEARCH($AV$2:$AV$194,LOWER(A31&"" ""&L31&"" ""&M31))),0)),""""))","=IF(A31="""","""",IFERROR(INDEX($BA$2:$BA$194,MATCH(1,($AU$2:$AU$194=""product_type_map"")*ISNUMBER(SEARCH($AV$2:$AV$194,LOWER(A31&"" ""&L31&"" ""&M31))),0)),""""))",,,,,,,,,,,,,,,,,,,,,,,,,,,,,,,,,,,,,,,,,collection_map,denim,any,12,women,,,womens-bottoms,womens-bottoms,,,,,
,,"=IF(A32="""","""",IFERROR(INDEX($BE$2:$BE$194,MATCH(1,($AU$2:$AU$194=""vendor_map"")*ISNUMBER(SEARCH($BF$2:$BF$194,LOWER(A32))),0)),""""))","=IF(A32="""","""",IFERROR(INDEX($AZ$2:$AZ$194,MATCH(1,($AU$2:$AU$194=""product_type_map"")*ISNUMBER(SEARCH($AV$2:$AV$194,LOWER(A32&"" ""&L32&"" ""&M32))),0)),""""))","=IF(A32="""","""",IFERROR(INDEX($BB$2:$BB$194,MATCH(1,($AU$2:$AU$194=""collection_map"")*ISNUMBER(SEARCH($AV$2:$AV$194,LOWER(A32&"" ""&L32&"" ""&M32))),0)),""""))","=IF(A32="""","""",IFERROR(INDEX($BA$2:$BA$194,MATCH(1,($AU$2:$AU$194=""product_type_map"")*ISNUMBER(SEARCH($AV$2:$AV$194,LOWER(A32&"" ""&L32&"" ""&M32))),0)),""""))",,,,,,,,,,,,,,,,,,,,,,,,,,,,,,,,,,,,,,,,,collection_map,pant,any,10,women,,,womens-bottoms,womens-bottoms,,,,,
,,"=IF(A33="""","""",IFERROR(INDEX($BE$2:$BE$194,MATCH(1,($AU$2:$AU$194=""vendor_map"")*ISNUMBER(SEARCH($BF$2:$BF$194,LOWER(A33))),0)),""""))","=IF(A33="""","""",IFERROR(INDEX($AZ$2:$AZ$194,MATCH(1,($AU$2:$AU$194=""product_type_map"")*ISNUMBER(SEARCH($AV$2:$AV$194,LOWER(A33&"" ""&L33&"" ""&M33))),0)),""""))","=IF(A33="""","""",IFERROR(INDEX($BB$2:$BB$194,MATCH(1,($AU$2:$AU$194=""collection_map"")*ISNUMBER(SEARCH($AV$2:$AV$194,LOWER(A33&"" ""&L33&"" ""&M33))),0)),""""))","=IF(A33="""","""",IFERROR(INDEX($BA$2:$BA$194,MATCH(1,($AU$2:$AU$194=""product_type_map"")*ISNUMBER(SEARCH($AV$2:$AV$194,LOWER(A33&"" ""&L33&"" ""&M33))),0)),""""))",,,,,,,,,,,,,,,,,,,,,,,,,,,,,,,,,,,,,,,,,collection_map,trouser,any,10,women,,,womens-bottoms,womens-bottoms,,,,,
,,"=IF(A34="""","""",IFERROR(INDEX($BE$2:$BE$194,MATCH(1,($AU$2:$AU$194=""vendor_map"")*ISNUMBER(SEARCH($BF$2:$BF$194,LOWER(A34))),0)),""""))","=IF(A34="""","""",IFERROR(INDEX($AZ$2:$AZ$194,MATCH(1,($AU$2:$AU$194=""product_type_map"")*ISNUMBER(SEARCH($AV$2:$AV$194,LOWER(A34&"" ""&L34&"" ""&M34))),0)),""""))","=IF(A34="""","""",IFERROR(INDEX($BB$2:$BB$194,MATCH(1,($AU$2:$AU$194=""collection_map"")*ISNUMBER(SEARCH($AV$2:$AV$194,LOWER(A34&"" ""&L34&"" ""&M34))),0)),""""))","=IF(A34="""","""",IFERROR(INDEX($BA$2:$BA$194,MATCH(1,($AU$2:$AU$194=""product_type_map"")*ISNUMBER(SEARCH($AV$2:$AV$194,LOWER(A34&"" ""&L34&"" ""&M34))),0)),""""))",,,,,,,,,,,,,,,,,,,,,,,,,,,,,,,,,,,,,,,,,collection_map,chino,any,10,women,,,womens-bottoms,womens-bottoms,,,,,
,,"=IF(A35="""","""",IFERROR(INDEX($BE$2:$BE$194,MATCH(1,($AU$2:$AU$194=""vendor_map"")*ISNUMBER(SEARCH($BF$2:$BF$194,LOWER(A35))),0)),""""))","=IF(A35="""","""",IFERROR(INDEX($AZ$2:$AZ$194,MATCH(1,($AU$2:$AU$194=""product_type_map"")*ISNUMBER(SEARCH($AV$2:$AV$194,LOWER(A35&"" ""&L35&"" ""&M35))),0)),""""))","=IF(A35="""","""",IFERROR(INDEX($BB$2:$BB$194,MATCH(1,($AU$2:$AU$194=""collection_map"")*ISNUMBER(SEARCH($AV$2:$AV$194,LOWER(A35&"" ""&L35&"" ""&M35))),0)),""""))","=IF(A35="""","""",IFERROR(INDEX($BA$2:$BA$194,MATCH(1,($AU$2:$AU$194=""product_type_map"")*ISNUMBER(SEARCH($AV$2:$AV$194,LOWER(A35&"" ""&L35&"" ""&M35))),0)),""""))",,,,,,,,,,,,,,,,,,,,,,,,,,,,,,,,,,,,,,,,,collection_map,skirt,any,10,women,,,womens-bottoms,womens-bottoms,,,,,
,,"=IF(A36="""","""",IFERROR(INDEX($BE$2:$BE$194,MATCH(1,($AU$2:$AU$194=""vendor_map"")*ISNUMBER(SEARCH($BF$2:$BF$194,LOWER(A36))),0)),""""))","=IF(A36="""","""",IFERROR(INDEX($AZ$2:$AZ$194,MATCH(1,($AU$2:$AU$194=""product_type_map"")*ISNUMBER(SEARCH($AV$2:$AV$194,LOWER(A36&"" ""&L36&"" ""&M36))),0)),""""))","=IF(A36="""","""",IFERROR(INDEX($BB$2:$BB$194,MATCH(1,($AU$2:$AU$194=""collection_map"")*ISNUMBER(SEARCH($AV$2:$AV$194,LOWER(A36&"" ""&L36&"" ""&M36))),0)),""""))","=IF(A36="""","""",IFERROR(INDEX($BA$2:$BA$194,MATCH(1,($AU$2:$AU$194=""product_type_map"")*ISNUMBER(SEARCH($AV$2:$AV$194,LOWER(A36&"" ""&L36&"" ""&M36))),0)),""""))",,,,,,,,,,,,,,,,,,,,,,,,,,,,,,,,,,,,,,,,,collection_map,short,any,10,women,,,womens-bottoms,womens-bottoms,,,,,
,,"=IF(A37="""","""",IFERROR(INDEX($BE$2:$BE$194,MATCH(1,($AU$2:$AU$194=""vendor_map"")*ISNUMBER(SEARCH($BF$2:$BF$194,LOWER(A37))),0)),""""))","=IF(A37="""","""",IFERROR(INDEX($AZ$2:$AZ$194,MATCH(1,($AU$2:$AU$194=""product_type_map"")*ISNUMBER(SEARCH($AV$2:$AV$194,LOWER(A37&"" ""&L37&"" ""&M37))),0)),""""))","=IF(A37="""","""",IFERROR(INDEX($BB$2:$BB$194,MATCH(1,($AU$2:$AU$194=""collection_map"")*ISNUMBER(SEARCH($AV$2:$AV$194,LOWER(A37&"" ""&L37&"" ""&M37))),0)),""""))","=IF(A37="""","""",IFERROR(INDEX($BA$2:$BA$194,MATCH(1,($AU$2:$AU$194=""product_type_map"")*ISNUMBER(SEARCH($AV$2:$AV$194,LOWER(A37&"" ""&L37&"" ""&M37))),0)),""""))",,,,,,,,,,,,,,,,,,,,,,,,,,,,,,,,,,,,,,,,,collection_map,legging,any,10,women,,,womens-bottoms,womens-bottoms,,,,,Lululemon — no activewear collection
,,"=IF(A38="""","""",IFERROR(INDEX($BE$2:$BE$194,MATCH(1,($AU$2:$AU$194=""vendor_map"")*ISNUMBER(SEARCH($BF$2:$BF$194,LOWER(A38))),0)),""""))","=IF(A38="""","""",IFERROR(INDEX($AZ$2:$AZ$194,MATCH(1,($AU$2:$AU$194=""product_type_map"")*ISNUMBER(SEARCH($AV$2:$AV$194,LOWER(A38&"" ""&L38&"" ""&M38))),0)),""""))","=IF(A38="""","""",IFERROR(INDEX($BB$2:$BB$194,MATCH(1,($AU$2:$AU$194=""collection_map"")*ISNUMBER(SEARCH($AV$2:$AV$194,LOWER(A38&"" ""&L38&"" ""&M38))),0)),""""))","=IF(A38="""","""",IFERROR(INDEX($BA$2:$BA$194,MATCH(1,($AU$2:$AU$194=""product_type_map"")*ISNUMBER(SEARCH($AV$2:$AV$194,LOWER(A38&"" ""&L38&"" ""&M38))),0)),""""))",,,,,,,,,,,,,,,,,,,,,,,,,,,,,,,,,,,,,,,,,collection_map,jogger,any,10,women,,,womens-bottoms,womens-bottoms,,,,,
,,"=IF(A39="""","""",IFERROR(INDEX($BE$2:$BE$194,MATCH(1,($AU$2:$AU$194=""vendor_map"")*ISNUMBER(SEARCH($BF$2:$BF$194,LOWER(A39))),0)),""""))","=IF(A39="""","""",IFERROR(INDEX($AZ$2:$AZ$194,MATCH(1,($AU$2:$AU$194=""product_type_map"")*ISNUMBER(SEARCH($AV$2:$AV$194,LOWER(A39&"" ""&L39&"" ""&M39))),0)),""""))","=IF(A39="""","""",IFERROR(INDEX($BB$2:$BB$194,MATCH(1,($AU$2:$AU$194=""collection_map"")*ISNUMBER(SEARCH($AV$2:$AV$194,LOWER(A39&"" ""&L39&"" ""&M39))),0)),""""))","=IF(A39="""","""",IFERROR(INDEX($BA$2:$BA$194,MATCH(1,($AU$2:$AU$194=""product_type_map"")*ISNUMBER(SEARCH($AV$2:$AV$194,LOWER(A39&"" ""&L39&"" ""&M39))),0)),""""))",,,,,,,,,,,,,,,,,,,,,,,,,,,,,,,,,,,,,,,,,collection_map,sports bra,any,10,women,,,womens-intimates,womens-intimates,,,,,
,,"=IF(A40="""","""",IFERROR(INDEX($BE$2:$BE$194,MATCH(1,($AU$2:$AU$194=""vendor_map"")*ISNUMBER(SEARCH($BF$2:$BF$194,LOWER(A40))),0)),""""))","=IF(A40="""","""",IFERROR(INDEX($AZ$2:$AZ$194,MATCH(1,($AU$2:$AU$194=""product_type_map"")*ISNUMBER(SEARCH($AV$2:$AV$194,LOWER(A40&"" ""&L40&"" ""&M40))),0)),""""))","=IF(A40="""","""",IFERROR(INDEX($BB$2:$BB$194,MATCH(1,($AU$2:$AU$194=""collection_map"")*ISNUMBER(SEARCH($AV$2:$AV$194,LOWER(A40&"" ""&L40&"" ""&M40))),0)),""""))","=IF(A40="""","""",IFERROR(INDEX($BA$2:$BA$194,MATCH(1,($AU$2:$AU$194=""product_type_map"")*ISNUMBER(SEARCH($AV$2:$AV$194,LOWER(A40&"" ""&L40&"" ""&M40))),0)),""""))",,,,,,,,,,,,,,,,,,,,,,,,,,,,,,,,,,,,,,,,,collection_map,bodysuit,any,10,women,,,womens-intimates,womens-intimates,,,,,Skims
,,"=IF(A41="""","""",IFERROR(INDEX($BE$2:$BE$194,MATCH(1,($AU$2:$AU$194=""vendor_map"")*ISNUMBER(SEARCH($BF$2:$BF$194,LOWER(A41))),0)),""""))","=IF(A41="""","""",IFERROR(INDEX($AZ$2:$AZ$194,MATCH(1,($AU$2:$AU$194=""product_type_map"")*ISNUMBER(SEARCH($AV$2:$AV$194,LOWER(A41&"" ""&L41&"" ""&M41))),0)),""""))","=IF(A41="""","""",IFERROR(INDEX($BB$2:$BB$194,MATCH(1,($AU$2:$AU$194=""collection_map"")*ISNUMBER(SEARCH($AV$2:$AV$194,LOWER(A41&"" ""&L41&"" ""&M41))),0)),""""))","=IF(A41="""","""",IFERROR(INDEX($BA$2:$BA$194,MATCH(1,($AU$2:$AU$194=""product_type_map"")*ISNUMBER(SEARCH($AV$2:$AV$194,LOWER(A41&"" ""&L41&"" ""&M41))),0)),""""))",,,,,,,,,,,,,,,,,,,,,,,,,,,,,,,,,,,,,,,,,collection_map,bra,any,10,women,,,womens-intimates,womens-intimates,,,,,
,,"=IF(A42="""","""",IFERROR(INDEX($BE$2:$BE$194,MATCH(1,($AU$2:$AU$194=""vendor_map"")*ISNUMBER(SEARCH($BF$2:$BF$194,LOWER(A42))),0)),""""))","=IF(A42="""","""",IFERROR(INDEX($AZ$2:$AZ$194,MATCH(1,($AU$2:$AU$194=""product_type_map"")*ISNUMBER(SEARCH($AV$2:$AV$194,LOWER(A42&"" ""&L42&"" ""&M42))),0)),""""))","=IF(A42="""","""",IFERROR(INDEX($BB$2:$BB$194,MATCH(1,($AU$2:$AU$194=""collection_map"")*ISNUMBER(SEARCH($AV$2:$AV$194,LOWER(A42&"" ""&L42&"" ""&M42))),0)),""""))","=IF(A42="""","""",IFERROR(INDEX($BA$2:$BA$194,MATCH(1,($AU$2:$AU$194=""product_type_map"")*ISNUMBER(SEARCH($AV$2:$AV$194,LOWER(A42&"" ""&L42&"" ""&M42))),0)),""""))",,,,,,,,,,,,,,,,,,,,,,,,,,,,,,,,,,,,,,,,,collection_map,underwear,any,10,women,,,womens-intimates,womens-intimates,,,,,
,,"=IF(A43="""","""",IFERROR(INDEX($BE$2:$BE$194,MATCH(1,($AU$2:$AU$194=""vendor_map"")*ISNUMBER(SEARCH($BF$2:$BF$194,LOWER(A43))),0)),""""))","=IF(A43="""","""",IFERROR(INDEX($AZ$2:$AZ$194,MATCH(1,($AU$2:$AU$194=""product_type_map"")*ISNUMBER(SEARCH($AV$2:$AV$194,LOWER(A43&"" ""&L43&"" ""&M43))),0)),""""))","=IF(A43="""","""",IFERROR(INDEX($BB$2:$BB$194,MATCH(1,($AU$2:$AU$194=""collection_map"")*ISNUMBER(SEARCH($AV$2:$AV$194,LOWER(A43&"" ""&L43&"" ""&M43))),0)),""""))","=IF(A43="""","""",IFERROR(INDEX($BA$2:$BA$194,MATCH(1,($AU$2:$AU$194=""product_type_map"")*ISNUMBER(SEARCH($AV$2:$AV$194,LOWER(A43&"" ""&L43&"" ""&M43))),0)),""""))",,,,,,,,,,,,,,,,,,,,,,,,,,,,,,,,,,,,,,,,,collection_map,lingerie,any,10,women,,,womens-intimates,womens-intimates,,,,,
,,"=IF(A44="""","""",IFERROR(INDEX($BE$2:$BE$194,MATCH(1,($AU$2:$AU$194=""vendor_map"")*ISNUMBER(SEARCH($BF$2:$BF$194,LOWER(A44))),0)),""""))","=IF(A44="""","""",IFERROR(INDEX($AZ$2:$AZ$194,MATCH(1,($AU$2:$AU$194=""product_type_map"")*ISNUMBER(SEARCH($AV$2:$AV$194,LOWER(A44&"" ""&L44&"" ""&M44))),0)),""""))","=IF(A44="""","""",IFERROR(INDEX($BB$2:$BB$194,MATCH(1,($AU$2:$AU$194=""collection_map"")*ISNUMBER(SEARCH($AV$2:$AV$194,LOWER(A44&"" ""&L44&"" ""&M44))),0)),""""))","=IF(A44="""","""",IFERROR(INDEX($BA$2:$BA$194,MATCH(1,($AU$2:$AU$194=""product_type_map"")*ISNUMBER(SEARCH($AV$2:$AV$194,LOWER(A44&"" ""&L44&"" ""&M44))),0)),""""))",,,,,,,,,,,,,,,,,,,,,,,,,,,,,,,,,,,,,,,,,collection_map,intimates,any,10,women,,,womens-intimates,womens-intimates,,,,,
,,"=IF(A45="""","""",IFERROR(INDEX($BE$2:$BE$194,MATCH(1,($AU$2:$AU$194=""vendor_map"")*ISNUMBER(SEARCH($BF$2:$BF$194,LOWER(A45))),0)),""""))","=IF(A45="""","""",IFERROR(INDEX($AZ$2:$AZ$194,MATCH(1,($AU$2:$AU$194=""product_type_map"")*ISNUMBER(SEARCH($AV$2:$AV$194,LOWER(A45&"" ""&L45&"" ""&M45))),0)),""""))","=IF(A45="""","""",IFERROR(INDEX($BB$2:$BB$194,MATCH(1,($AU$2:$AU$194=""collection_map"")*ISNUMBER(SEARCH($AV$2:$AV$194,LOWER(A45&"" ""&L45&"" ""&M45))),0)),""""))","=IF(A45="""","""",IFERROR(INDEX($BA$2:$BA$194,MATCH(1,($AU$2:$AU$194=""product_type_map"")*ISNUMBER(SEARCH($AV$2:$AV$194,LOWER(A45&"" ""&L45&"" ""&M45))),0)),""""))",,,,,,,,,,,,,,,,,,,,,,,,,,,,,,,,,,,,,,,,,collection_map,jacket,any,10,women,,,womens-outerwear,womens-outerwear,,,,,
,,"=IF(A46="""","""",IFERROR(INDEX($BE$2:$BE$194,MATCH(1,($AU$2:$AU$194=""vendor_map"")*ISNUMBER(SEARCH($BF$2:$BF$194,LOWER(A46))),0)),""""))","=IF(A46="""","""",IFERROR(INDEX($AZ$2:$AZ$194,MATCH(1,($AU$2:$AU$194=""product_type_map"")*ISNUMBER(SEARCH($AV$2:$AV$194,LOWER(A46&"" ""&L46&"" ""&M46))),0)),""""))","=IF(A46="""","""",IFERROR(INDEX($BB$2:$BB$194,MATCH(1,($AU$2:$AU$194=""collection_map"")*ISNUMBER(SEARCH($AV$2:$AV$194,LOWER(A46&"" ""&L46&"" ""&M46))),0)),""""))","=IF(A46="""","""",IFERROR(INDEX($BA$2:$BA$194,MATCH(1,($AU$2:$AU$194=""product_type_map"")*ISNUMBER(SEARCH($AV$2:$AV$194,LOWER(A46&"" ""&L46&"" ""&M46))),0)),""""))",,,,,,,,,,,,,,,,,,,,,,,,,,,,,,,,,,,,,,,,,collection_map,coat,any,10,women,,,womens-outerwear,womens-outerwear,,,,,
,,"=IF(A47="""","""",IFERROR(INDEX($BE$2:$BE$194,MATCH(1,($AU$2:$AU$194=""vendor_map"")*ISNUMBER(SEARCH($BF$2:$BF$194,LOWER(A47))),0)),""""))","=IF(A47="""","""",IFERROR(INDEX($AZ$2:$AZ$194,MATCH(1,($AU$2:$AU$194=""product_type_map"")*ISNUMBER(SEARCH($AV$2:$AV$194,LOWER(A47&"" ""&L47&"" ""&M47))),0)),""""))","=IF(A47="""","""",IFERROR(INDEX($BB$2:$BB$194,MATCH(1,($AU$2:$AU$194=""collection_map"")*ISNUMBER(SEARCH($AV$2:$AV$194,LOWER(A47&"" ""&L47&"" ""&M47))),0)),""""))","=IF(A47="""","""",IFERROR(INDEX($BA$2:$BA$194,MATCH(1,($AU$2:$AU$194=""product_type_map"")*ISNUMBER(SEARCH($AV$2:$AV$194,LOWER(A47&"" ""&L47&"" ""&M47))),0)),""""))",,,,,,,,,,,,,,,,,,,,,,,,,,,,,,,,,,,,,,,,,collection_map,blazer,any,10,women,,,womens-outerwear,womens-outerwear,,,,,
,,"=IF(A48="""","""",IFERROR(INDEX($BE$2:$BE$194,MATCH(1,($AU$2:$AU$194=""vendor_map"")*ISNUMBER(SEARCH($BF$2:$BF$194,LOWER(A48))),0)),""""))","=IF(A48="""","""",IFERROR(INDEX($AZ$2:$AZ$194,MATCH(1,($AU$2:$AU$194=""product_type_map"")*ISNUMBER(SEARCH($AV$2:$AV$194,LOWER(A48&"" ""&L48&"" ""&M48))),0)),""""))","=IF(A48="""","""",IFERROR(INDEX($BB$2:$BB$194,MATCH(1,($AU$2:$AU$194=""collection_map"")*ISNUMBER(SEARCH($AV$2:$AV$194,LOWER(A48&"" ""&L48&"" ""&M48))),0)),""""))","=IF(A48="""","""",IFERROR(INDEX($BA$2:$BA$194,MATCH(1,($AU$2:$AU$194=""product_type_map"")*ISNUMBER(SEARCH($AV$2:$AV$194,LOWER(A48&"" ""&L48&"" ""&M48))),0)),""""))",,,,,,,,,,,,,,,,,,,,,,,,,,,,,,,,,,,,,,,,,collection_map,fleece,any,10,women,,,womens-outerwear,womens-outerwear,,,,,Patagonia women's fleece
,,"=IF(A49="""","""",IFERROR(INDEX($BE$2:$BE$194,MATCH(1,($AU$2:$AU$194=""vendor_map"")*ISNUMBER(SEARCH($BF$2:$BF$194,LOWER(A49))),0)),""""))","=IF(A49="""","""",IFERROR(INDEX($AZ$2:$AZ$194,MATCH(1,($AU$2:$AU$194=""product_type_map"")*ISNUMBER(SEARCH($AV$2:$AV$194,LOWER(A49&"" ""&L49&"" ""&M49))),0)),""""))","=IF(A49="""","""",IFERROR(INDEX($BB$2:$BB$194,MATCH(1,($AU$2:$AU$194=""collection_map"")*ISNUMBER(SEARCH($AV$2:$AV$194,LOWER(A49&"" ""&L49&"" ""&M49))),0)),""""))","=IF(A49="""","""",IFERROR(INDEX($BA$2:$BA$194,MATCH(1,($AU$2:$AU$194=""product_type_map"")*ISNUMBER(SEARCH($AV$2:$AV$194,LOWER(A49&"" ""&L49&"" ""&M49))),0)),""""))",,,,,,,,,,,,,,,,,,,,,,,,,,,,,,,,,,,,,,,,,collection_map,parka,any,10,women,,,womens-outerwear,womens-outerwear,,,,,
,,"=IF(A50="""","""",IFERROR(INDEX($BE$2:$BE$194,MATCH(1,($AU$2:$AU$194=""vendor_map"")*ISNUMBER(SEARCH($BF$2:$BF$194,LOWER(A50))),0)),""""))","=IF(A50="""","""",IFERROR(INDEX($AZ$2:$AZ$194,MATCH(1,($AU$2:$AU$194=""product_type_map"")*ISNUMBER(SEARCH($AV$2:$AV$194,LOWER(A50&"" ""&L50&"" ""&M50))),0)),""""))","=IF(A50="""","""",IFERROR(INDEX($BB$2:$BB$194,MATCH(1,($AU$2:$AU$194=""collection_map"")*ISNUMBER(SEARCH($AV$2:$AV$194,LOWER(A50&"" ""&L50&"" ""&M50))),0)),""""))","=IF(A50="""","""",IFERROR(INDEX($BA$2:$BA$194,MATCH(1,($AU$2:$AU$194=""product_type_map"")*ISNUMBER(SEARCH($AV$2:$AV$194,LOWER(A50&"" ""&L50&"" ""&M50))),0)),""""))",,,,,,,,,,,,,,,,,,,,,,,,,,,,,,,,,,,,,,,,,collection_map,puffer,any,10,women,,,womens-outerwear,womens-outerwear,,,,,
,,"=IF(A51="""","""",IFERROR(INDEX($BE$2:$BE$194,MATCH(1,($AU$2:$AU$194=""vendor_map"")*ISNUMBER(SEARCH($BF$2:$BF$194,LOWER(A51))),0)),""""))","=IF(A51="""","""",IFERROR(INDEX($AZ$2:$AZ$194,MATCH(1,($AU$2:$AU$194=""product_type_map"")*ISNUMBER(SEARCH($AV$2:$AV$194,LOWER(A51&"" ""&L51&"" ""&M51))),0)),""""))","=IF(A51="""","""",IFERROR(INDEX($BB$2:$BB$194,MATCH(1,($AU$2:$AU$194=""collection_map"")*ISNUMBER(SEARCH($AV$2:$AV$194,LOWER(A51&"" ""&L51&"" ""&M51))),0)),""""))","=IF(A51="""","""",IFERROR(INDEX($BA$2:$BA$194,MATCH(1,($AU$2:$AU$194=""product_type_map"")*ISNUMBER(SEARCH($AV$2:$AV$194,LOWER(A51&"" ""&L51&"" ""&M51))),0)),""""))",,,,,,,,,,,,,,,,,,,,,,,,,,,,,,,,,,,,,,,,,collection_map,windbreaker,any,10,women,,,womens-outerwear,womens-outerwear,,,,,
,,"=IF(A52="""","""",IFERROR(INDEX($BE$2:$BE$194,MATCH(1,($AU$2:$AU$194=""vendor_map"")*ISNUMBER(SEARCH($BF$2:$BF$194,LOWER(A52))),0)),""""))","=IF(A52="""","""",IFERROR(INDEX($AZ$2:$AZ$194,MATCH(1,($AU$2:$AU$194=""product_type_map"")*ISNUMBER(SEARCH($AV$2:$AV$194,LOWER(A52&"" ""&L52&"" ""&M52))),0)),""""))","=IF(A52="""","""",IFERROR(INDEX($BB$2:$BB$194,MATCH(1,($AU$2:$AU$194=""collection_map"")*ISNUMBER(SEARCH($AV$2:$AV$194,LOWER(A52&"" ""&L52&"" ""&M52))),0)),""""))","=IF(A52="""","""",IFERROR(INDEX($BA$2:$BA$194,MATCH(1,($AU$2:$AU$194=""product_type_map"")*ISNUMBER(SEARCH($AV$2:$AV$194,LOWER(A52&"" ""&L52&"" ""&M52))),0)),""""))",,,,,,,,,,,,,,,,,,,,,,,,,,,,,,,,,,,,,,,,,collection_map,vest,any,12,women,,,womens-outerwear,womens-outerwear,,,,,Gilet / vest
,,"=IF(A53="""","""",IFERROR(INDEX($BE$2:$BE$194,MATCH(1,($AU$2:$AU$194=""vendor_map"")*ISNUMBER(SEARCH($BF$2:$BF$194,LOWER(A53))),0)),""""))","=IF(A53="""","""",IFERROR(INDEX($AZ$2:$AZ$194,MATCH(1,($AU$2:$AU$194=""product_type_map"")*ISNUMBER(SEARCH($AV$2:$AV$194,LOWER(A53&"" ""&L53&"" ""&M53))),0)),""""))","=IF(A53="""","""",IFERROR(INDEX($BB$2:$BB$194,MATCH(1,($AU$2:$AU$194=""collection_map"")*ISNUMBER(SEARCH($AV$2:$AV$194,LOWER(A53&"" ""&L53&"" ""&M53))),0)),""""))","=IF(A53="""","""",IFERROR(INDEX($BA$2:$BA$194,MATCH(1,($AU$2:$AU$194=""product_type_map"")*ISNUMBER(SEARCH($AV$2:$AV$194,LOWER(A53&"" ""&L53&"" ""&M53))),0)),""""))",,,,,,,,,,,,,,,,,,,,,,,,,,,,,,,,,,,,,,,,,collection_map,boot,any,10,women,,,womens-shoes,womens-shoes,,,,,
,,"=IF(A54="""","""",IFERROR(INDEX($BE$2:$BE$194,MATCH(1,($AU$2:$AU$194=""vendor_map"")*ISNUMBER(SEARCH($BF$2:$BF$194,LOWER(A54))),0)),""""))","=IF(A54="""","""",IFERROR(INDEX($AZ$2:$AZ$194,MATCH(1,($AU$2:$AU$194=""product_type_map"")*ISNUMBER(SEARCH($AV$2:$AV$194,LOWER(A54&"" ""&L54&"" ""&M54))),0)),""""))","=IF(A54="""","""",IFERROR(INDEX($BB$2:$BB$194,MATCH(1,($AU$2:$AU$194=""collection_map"")*ISNUMBER(SEARCH($AV$2:$AV$194,LOWER(A54&"" ""&L54&"" ""&M54))),0)),""""))","=IF(A54="""","""",IFERROR(INDEX($BA$2:$BA$194,MATCH(1,($AU$2:$AU$194=""product_type_map"")*ISNUMBER(SEARCH($AV$2:$AV$194,LOWER(A54&"" ""&L54&"" ""&M54))),0)),""""))",,,,,,,,,,,,,,,,,,,,,,,,,,,,,,,,,,,,,,,,,collection_map,sneaker,any,10,women,,,womens-shoes,womens-shoes,,,,,
,,"=IF(A55="""","""",IFERROR(INDEX($BE$2:$BE$194,MATCH(1,($AU$2:$AU$194=""vendor_map"")*ISNUMBER(SEARCH($BF$2:$BF$194,LOWER(A55))),0)),""""))","=IF(A55="""","""",IFERROR(INDEX($AZ$2:$AZ$194,MATCH(1,($AU$2:$AU$194=""product_type_map"")*ISNUMBER(SEARCH($AV$2:$AV$194,LOWER(A55&"" ""&L55&"" ""&M55))),0)),""""))","=IF(A55="""","""",IFERROR(INDEX($BB$2:$BB$194,MATCH(1,($AU$2:$AU$194=""collection_map"")*ISNUMBER(SEARCH($AV$2:$AV$194,LOWER(A55&"" ""&L55&"" ""&M55))),0)),""""))","=IF(A55="""","""",IFERROR(INDEX($BA$2:$BA$194,MATCH(1,($AU$2:$AU$194=""product_type_map"")*ISNUMBER(SEARCH($AV$2:$AV$194,LOWER(A55&"" ""&L55&"" ""&M55))),0)),""""))",,,,,,,,,,,,,,,,,,,,,,,,,,,,,,,,,,,,,,,,,collection_map,heel,any,10,women,,,womens-shoes,womens-shoes,,,,,
,,"=IF(A56="""","""",IFERROR(INDEX($BE$2:$BE$194,MATCH(1,($AU$2:$AU$194=""vendor_map"")*ISNUMBER(SEARCH($BF$2:$BF$194,LOWER(A56))),0)),""""))","=IF(A56="""","""",IFERROR(INDEX($AZ$2:$AZ$194,MATCH(1,($AU$2:$AU$194=""product_type_map"")*ISNUMBER(SEARCH($AV$2:$AV$194,LOWER(A56&"" ""&L56&"" ""&M56))),0)),""""))","=IF(A56="""","""",IFERROR(INDEX($BB$2:$BB$194,MATCH(1,($AU$2:$AU$194=""collection_map"")*ISNUMBER(SEARCH($AV$2:$AV$194,LOWER(A56&"" ""&L56&"" ""&M56))),0)),""""))","=IF(A56="""","""",IFERROR(INDEX($BA$2:$BA$194,MATCH(1,($AU$2:$AU$194=""product_type_map"")*ISNUMBER(SEARCH($AV$2:$AV$194,LOWER(A56&"" ""&L56&"" ""&M56))),0)),""""))",,,,,,,,,,,,,,,,,,,,,,,,,,,,,,,,,,,,,,,,,collection_map,sandal,any,10,women,,,womens-shoes,womens-shoes,,,,,
,,"=IF(A57="""","""",IFERROR(INDEX($BE$2:$BE$194,MATCH(1,($AU$2:$AU$194=""vendor_map"")*ISNUMBER(SEARCH($BF$2:$BF$194,LOWER(A57))),0)),""""))","=IF(A57="""","""",IFERROR(INDEX($AZ$2:$AZ$194,MATCH(1,($AU$2:$AU$194=""product_type_map"")*ISNUMBER(SEARCH($AV$2:$AV$194,LOWER(A57&"" ""&L57&"" ""&M57))),0)),""""))","=IF(A57="""","""",IFERROR(INDEX($BB$2:$BB$194,MATCH(1,($AU$2:$AU$194=""collection_map"")*ISNUMBER(SEARCH($AV$2:$AV$194,LOWER(A57&"" ""&L57&"" ""&M57))),0)),""""))","=IF(A57="""","""",IFERROR(INDEX($BA$2:$BA$194,MATCH(1,($AU$2:$AU$194=""product_type_map"")*ISNUMBER(SEARCH($AV$2:$AV$194,LOWER(A57&"" ""&L57&"" ""&M57))),0)),""""))",,,,,,,,,,,,,,,,,,,,,,,,,,,,,,,,,,,,,,,,,collection_map,bag,any,10,women,,,womens-accessories,womens-accessories,,,,,
,,"=IF(A58="""","""",IFERROR(INDEX($BE$2:$BE$194,MATCH(1,($AU$2:$AU$194=""vendor_map"")*ISNUMBER(SEARCH($BF$2:$BF$194,LOWER(A58))),0)),""""))","=IF(A58="""","""",IFERROR(INDEX($AZ$2:$AZ$194,MATCH(1,($AU$2:$AU$194=""product_type_map"")*ISNUMBER(SEARCH($AV$2:$AV$194,LOWER(A58&"" ""&L58&"" ""&M58))),0)),""""))","=IF(A58="""","""",IFERROR(INDEX($BB$2:$BB$194,MATCH(1,($AU$2:$AU$194=""collection_map"")*ISNUMBER(SEARCH($AV$2:$AV$194,LOWER(A58&"" ""&L58&"" ""&M58))),0)),""""))","=IF(A58="""","""",IFERROR(INDEX($BA$2:$BA$194,MATCH(1,($AU$2:$AU$194=""product_type_map"")*ISNUMBER(SEARCH($AV$2:$AV$194,LOWER(A58&"" ""&L58&"" ""&M58))),0)),""""))",,,,,,,,,,,,,,,,,,,,,,,,,,,,,,,,,,,,,,,,,collection_map,belt,any,10,women,,,womens-accessories,womens-accessories,,,,,
,,"=IF(A59="""","""",IFERROR(INDEX($BE$2:$BE$194,MATCH(1,($AU$2:$AU$194=""vendor_map"")*ISNUMBER(SEARCH($BF$2:$BF$194,LOWER(A59))),0)),""""))","=IF(A59="""","""",IFERROR(INDEX($AZ$2:$AZ$194,MATCH(1,($AU$2:$AU$194=""product_type_map"")*ISNUMBER(SEARCH($AV$2:$AV$194,LOWER(A59&"" ""&L59&"" ""&M59))),0)),""""))","=IF(A59="""","""",IFERROR(INDEX($BB$2:$BB$194,MATCH(1,($AU$2:$AU$194=""collection_map"")*ISNUMBER(SEARCH($AV$2:$AV$194,LOWER(A59&"" ""&L59&"" ""&M59))),0)),""""))","=IF(A59="""","""",IFERROR(INDEX($BA$2:$BA$194,MATCH(1,($AU$2:$AU$194=""product_type_map"")*ISNUMBER(SEARCH($AV$2:$AV$194,LOWER(A59&"" ""&L59&"" ""&M59))),0)),""""))",,,,,,,,,,,,,,,,,,,,,,,,,,,,,,,,,,,,,,,,,collection_map,hat,any,10,women,,,womens-accessories,womens-accessories,,,,,
,,"=IF(A60="""","""",IFERROR(INDEX($BE$2:$BE$194,MATCH(1,($AU$2:$AU$194=""vendor_map"")*ISNUMBER(SEARCH($BF$2:$BF$194,LOWER(A60))),0)),""""))","=IF(A60="""","""",IFERROR(INDEX($AZ$2:$AZ$194,MATCH(1,($AU$2:$AU$194=""product_type_map"")*ISNUMBER(SEARCH($AV$2:$AV$194,LOWER(A60&"" ""&L60&"" ""&M60))),0)),""""))","=IF(A60="""","""",IFERROR(INDEX($BB$2:$BB$194,MATCH(1,($AU$2:$AU$194=""collection_map"")*ISNUMBER(SEARCH($AV$2:$AV$194,LOWER(A60&"" ""&L60&"" ""&M60))),0)),""""))","=IF(A60="""","""",IFERROR(INDEX($BA$2:$BA$194,MATCH(1,($AU$2:$AU$194=""product_type_map"")*ISNUMBER(SEARCH($AV$2:$AV$194,LOWER(A60&"" ""&L60&"" ""&M60))),0)),""""))",,,,,,,,,,,,,,,,,,,,,,,,,,,,,,,,,,,,,,,,,collection_map,scarf,any,10,women,,,womens-accessories,womens-accessories,,,,,
,,"=IF(A61="""","""",IFERROR(INDEX($BE$2:$BE$194,MATCH(1,($AU$2:$AU$194=""vendor_map"")*ISNUMBER(SEARCH($BF$2:$BF$194,LOWER(A61))),0)),""""))","=IF(A61="""","""",IFERROR(INDEX($AZ$2:$AZ$194,MATCH(1,($AU$2:$AU$194=""product_type_map"")*ISNUMBER(SEARCH($AV$2:$AV$194,LOWER(A61&"" ""&L61&"" ""&M61))),0)),""""))","=IF(A61="""","""",IFERROR(INDEX($BB$2:$BB$194,MATCH(1,($AU$2:$AU$194=""collection_map"")*ISNUMBER(SEARCH($AV$2:$AV$194,LOWER(A61&"" ""&L61&"" ""&M61))),0)),""""))","=IF(A61="""","""",IFERROR(INDEX($BA$2:$BA$194,MATCH(1,($AU$2:$AU$194=""product_type_map"")*ISNUMBER(SEARCH($AV$2:$AV$194,LOWER(A61&"" ""&L61&"" ""&M61))),0)),""""))",,,,,,,,,,,,,,,,,,,,,,,,,,,,,,,,,,,,,,,,,collection_map,wallet,any,10,women,,,womens-accessories,womens-accessories,,,,,
,,"=IF(A62="""","""",IFERROR(INDEX($BE$2:$BE$194,MATCH(1,($AU$2:$AU$194=""vendor_map"")*ISNUMBER(SEARCH($BF$2:$BF$194,LOWER(A62))),0)),""""))","=IF(A62="""","""",IFERROR(INDEX($AZ$2:$AZ$194,MATCH(1,($AU$2:$AU$194=""product_type_map"")*ISNUMBER(SEARCH($AV$2:$AV$194,LOWER(A62&"" ""&L62&"" ""&M62))),0)),""""))","=IF(A62="""","""",IFERROR(INDEX($BB$2:$BB$194,MATCH(1,($AU$2:$AU$194=""collection_map"")*ISNUMBER(SEARCH($AV$2:$AV$194,LOWER(A62&"" ""&L62&"" ""&M62))),0)),""""))","=IF(A62="""","""",IFERROR(INDEX($BA$2:$BA$194,MATCH(1,($AU$2:$AU$194=""product_type_map"")*ISNUMBER(SEARCH($AV$2:$AV$194,LOWER(A62&"" ""&L62&"" ""&M62))),0)),""""))",,,,,,,,,,,,,,,,,,,,,,,,,,,,,,,,,,,,,,,,,collection_map,watch,any,10,women,,,womens-accessories,womens-accessories,,,,,
,,"=IF(A63="""","""",IFERROR(INDEX($BE$2:$BE$194,MATCH(1,($AU$2:$AU$194=""vendor_map"")*ISNUMBER(SEARCH($BF$2:$BF$194,LOWER(A63))),0)),""""))","=IF(A63="""","""",IFERROR(INDEX($AZ$2:$AZ$194,MATCH(1,($AU$2:$AU$194=""product_type_map"")*ISNUMBER(SEARCH($AV$2:$AV$194,LOWER(A63&"" ""&L63&"" ""&M63))),0)),""""))","=IF(A63="""","""",IFERROR(INDEX($BB$2:$BB$194,MATCH(1,($AU$2:$AU$194=""collection_map"")*ISNUMBER(SEARCH($AV$2:$AV$194,LOWER(A63&"" ""&L63&"" ""&M63))),0)),""""))","=IF(A63="""","""",IFERROR(INDEX($BA$2:$BA$194,MATCH(1,($AU$2:$AU$194=""product_type_map"")*ISNUMBER(SEARCH($AV$2:$AV$194,LOWER(A63&"" ""&L63&"" ""&M63))),0)),""""))",,,,,,,,,,,,,,,,,,,,,,,,,,,,,,,,,,,,,,,,,collection_map,jewelry,any,10,women,,,womens-accessories,womens-accessories,,,,,
,,"=IF(A64="""","""",IFERROR(INDEX($BE$2:$BE$194,MATCH(1,($AU$2:$AU$194=""vendor_map"")*ISNUMBER(SEARCH($BF$2:$BF$194,LOWER(A64))),0)),""""))","=IF(A64="""","""",IFERROR(INDEX($AZ$2:$AZ$194,MATCH(1,($AU$2:$AU$194=""product_type_map"")*ISNUMBER(SEARCH($AV$2:$AV$194,LOWER(A64&"" ""&L64&"" ""&M64))),0)),""""))","=IF(A64="""","""",IFERROR(INDEX($BB$2:$BB$194,MATCH(1,($AU$2:$AU$194=""collection_map"")*ISNUMBER(SEARCH($AV$2:$AV$194,LOWER(A64&"" ""&L64&"" ""&M64))),0)),""""))","=IF(A64="""","""",IFERROR(INDEX($BA$2:$BA$194,MATCH(1,($AU$2:$AU$194=""product_type_map"")*ISNUMBER(SEARCH($AV$2:$AV$194,LOWER(A64&"" ""&L64&"" ""&M64))),0)),""""))",,,,,,,,,,,,,,,,,,,,,,,,,,,,,,,,,,,,,,,,,collection_map,necklace,any,10,women,,,womens-accessories,womens-accessories,,,,,
,,"=IF(A65="""","""",IFERROR(INDEX($BE$2:$BE$194,MATCH(1,($AU$2:$AU$194=""vendor_map"")*ISNUMBER(SEARCH($BF$2:$BF$194,LOWER(A65))),0)),""""))","=IF(A65="""","""",IFERROR(INDEX($AZ$2:$AZ$194,MATCH(1,($AU$2:$AU$194=""product_type_map"")*ISNUMBER(SEARCH($AV$2:$AV$194,LOWER(A65&"" ""&L65&"" ""&M65))),0)),""""))","=IF(A65="""","""",IFERROR(INDEX($BB$2:$BB$194,MATCH(1,($AU$2:$AU$194=""collection_map"")*ISNUMBER(SEARCH($AV$2:$AV$194,LOWER(A65&"" ""&L65&"" ""&M65))),0)),""""))","=IF(A65="""","""",IFERROR(INDEX($BA$2:$BA$194,MATCH(1,($AU$2:$AU$194=""product_type_map"")*ISNUMBER(SEARCH($AV$2:$AV$194,LOWER(A65&"" ""&L65&"" ""&M65))),0)),""""))",,,,,,,,,,,,,,,,,,,,,,,,,,,,,,,,,,,,,,,,,collection_map,ring,any,10,women,,,womens-accessories,womens-accessories,,,,,
,,"=IF(A66="""","""",IFERROR(INDEX($BE$2:$BE$194,MATCH(1,($AU$2:$AU$194=""vendor_map"")*ISNUMBER(SEARCH($BF$2:$BF$194,LOWER(A66))),0)),""""))","=IF(A66="""","""",IFERROR(INDEX($AZ$2:$AZ$194,MATCH(1,($AU$2:$AU$194=""product_type_map"")*ISNUMBER(SEARCH($AV$2:$AV$194,LOWER(A66&"" ""&L66&"" ""&M66))),0)),""""))","=IF(A66="""","""",IFERROR(INDEX($BB$2:$BB$194,MATCH(1,($AU$2:$AU$194=""collection_map"")*ISNUMBER(SEARCH($AV$2:$AV$194,LOWER(A66&"" ""&L66&"" ""&M66))),0)),""""))","=IF(A66="""","""",IFERROR(INDEX($BA$2:$BA$194,MATCH(1,($AU$2:$AU$194=""product_type_map"")*ISNUMBER(SEARCH($AV$2:$AV$194,LOWER(A66&"" ""&L66&"" ""&M66))),0)),""""))",,,,,,,,,,,,,,,,,,,,,,,,,,,,,,,,,,,,,,,,,collection_map,shirt,any,10,men,,,mens-shirts,mens-shirts,,,,,
,,"=IF(A67="""","""",IFERROR(INDEX($BE$2:$BE$194,MATCH(1,($AU$2:$AU$194=""vendor_map"")*ISNUMBER(SEARCH($BF$2:$BF$194,LOWER(A67))),0)),""""))","=IF(A67="""","""",IFERROR(INDEX($AZ$2:$AZ$194,MATCH(1,($AU$2:$AU$194=""product_type_map"")*ISNUMBER(SEARCH($AV$2:$AV$194,LOWER(A67&"" ""&L67&"" ""&M67))),0)),""""))","=IF(A67="""","""",IFERROR(INDEX($BB$2:$BB$194,MATCH(1,($AU$2:$AU$194=""collection_map"")*ISNUMBER(SEARCH($AV$2:$AV$194,LOWER(A67&"" ""&L67&"" ""&M67))),0)),""""))","=IF(A67="""","""",IFERROR(INDEX($BA$2:$BA$194,MATCH(1,($AU$2:$AU$194=""product_type_map"")*ISNUMBER(SEARCH($AV$2:$AV$194,LOWER(A67&"" ""&L67&"" ""&M67))),0)),""""))",,,,,,,,,,,,,,,,,,,,,,,,,,,,,,,,,,,,,,,,,collection_map,linen,title,12,men,,,mens-shirts,mens-shirts,,,,,
,,"=IF(A68="""","""",IFERROR(INDEX($BE$2:$BE$194,MATCH(1,($AU$2:$AU$194=""vendor_map"")*ISNUMBER(SEARCH($BF$2:$BF$194,LOWER(A68))),0)),""""))","=IF(A68="""","""",IFERROR(INDEX($AZ$2:$AZ$194,MATCH(1,($AU$2:$AU$194=""product_type_map"")*ISNUMBER(SEARCH($AV$2:$AV$194,LOWER(A68&"" ""&L68&"" ""&M68))),0)),""""))","=IF(A68="""","""",IFERROR(INDEX($BB$2:$BB$194,MATCH(1,($AU$2:$AU$194=""collection_map"")*ISNUMBER(SEARCH($AV$2:$AV$194,LOWER(A68&"" ""&L68&"" ""&M68))),0)),""""))","=IF(A68="""","""",IFERROR(INDEX($BA$2:$BA$194,MATCH(1,($AU$2:$AU$194=""product_type_map"")*ISNUMBER(SEARCH($AV$2:$AV$194,LOWER(A68&"" ""&L68&"" ""&M68))),0)),""""))",,,,,,,,,,,,,,,,,,,,,,,,,,,,,,,,,,,,,,,,,collection_map,polo,any,10,men,,,mens-shirts,mens-shirts,,,,,
,,"=IF(A69="""","""",IFERROR(INDEX($BE$2:$BE$194,MATCH(1,($AU$2:$AU$194=""vendor_map"")*ISNUMBER(SEARCH($BF$2:$BF$194,LOWER(A69))),0)),""""))","=IF(A69="""","""",IFERROR(INDEX($AZ$2:$AZ$194,MATCH(1,($AU$2:$AU$194=""product_type_map"")*ISNUMBER(SEARCH($AV$2:$AV$194,LOWER(A69&"" ""&L69&"" ""&M69))),0)),""""))","=IF(A69="""","""",IFERROR(INDEX($BB$2:$BB$194,MATCH(1,($AU$2:$AU$194=""collection_map"")*ISNUMBER(SEARCH($AV$2:$AV$194,LOWER(A69&"" ""&L69&"" ""&M69))),0)),""""))","=IF(A69="""","""",IFERROR(INDEX($BA$2:$BA$194,MATCH(1,($AU$2:$AU$194=""product_type_map"")*ISNUMBER(SEARCH($AV$2:$AV$194,LOWER(A69&"" ""&L69&"" ""&M69))),0)),""""))",,,,,,,,,,,,,,,,,,,,,,,,,,,,,,,,,,,,,,,,,collection_map,tee,any,10,men,,,mens-shirts,mens-shirts,,,,,
,,"=IF(A70="""","""",IFERROR(INDEX($BE$2:$BE$194,MATCH(1,($AU$2:$AU$194=""vendor_map"")*ISNUMBER(SEARCH($BF$2:$BF$194,LOWER(A70))),0)),""""))","=IF(A70="""","""",IFERROR(INDEX($AZ$2:$AZ$194,MATCH(1,($AU$2:$AU$194=""product_type_map"")*ISNUMBER(SEARCH($AV$2:$AV$194,LOWER(A70&"" ""&L70&"" ""&M70))),0)),""""))","=IF(A70="""","""",IFERROR(INDEX($BB$2:$BB$194,MATCH(1,($AU$2:$AU$194=""collection_map"")*ISNUMBER(SEARCH($AV$2:$AV$194,LOWER(A70&"" ""&L70&"" ""&M70))),0)),""""))","=IF(A70="""","""",IFERROR(INDEX($BA$2:$BA$194,MATCH(1,($AU$2:$AU$194=""product_type_map"")*ISNUMBER(SEARCH($AV$2:$AV$194,LOWER(A70&"" ""&L70&"" ""&M70))),0)),""""))",,,,,,,,,,,,,,,,,,,,,,,,,,,,,,,,,,,,,,,,,collection_map,jean,any,10,men,,,mens-pants,mens-pants,,,,,
,,"=IF(A71="""","""",IFERROR(INDEX($BE$2:$BE$194,MATCH(1,($AU$2:$AU$194=""vendor_map"")*ISNUMBER(SEARCH($BF$2:$BF$194,LOWER(A71))),0)),""""))","=IF(A71="""","""",IFERROR(INDEX($AZ$2:$AZ$194,MATCH(1,($AU$2:$AU$194=""product_type_map"")*ISNUMBER(SEARCH($AV$2:$AV$194,LOWER(A71&"" ""&L71&"" ""&M71))),0)),""""))","=IF(A71="""","""",IFERROR(INDEX($BB$2:$BB$194,MATCH(1,($AU$2:$AU$194=""collection_map"")*ISNUMBER(SEARCH($AV$2:$AV$194,LOWER(A71&"" ""&L71&"" ""&M71))),0)),""""))","=IF(A71="""","""",IFERROR(INDEX($BA$2:$BA$194,MATCH(1,($AU$2:$AU$194=""product_type_map"")*ISNUMBER(SEARCH($AV$2:$AV$194,LOWER(A71&"" ""&L71&"" ""&M71))),0)),""""))",,,,,,,,,,,,,,,,,,,,,,,,,,,,,,,,,,,,,,,,,collection_map,pant,any,10,men,,,mens-pants,mens-pants,,,,,
,,"=IF(A72="""","""",IFERROR(INDEX($BE$2:$BE$194,MATCH(1,($AU$2:$AU$194=""vendor_map"")*ISNUMBER(SEARCH($BF$2:$BF$194,LOWER(A72))),0)),""""))","=IF(A72="""","""",IFERROR(INDEX($AZ$2:$AZ$194,MATCH(1,($AU$2:$AU$194=""product_type_map"")*ISNUMBER(SEARCH($AV$2:$AV$194,LOWER(A72&"" ""&L72&"" ""&M72))),0)),""""))","=IF(A72="""","""",IFERROR(INDEX($BB$2:$BB$194,MATCH(1,($AU$2:$AU$194=""collection_map"")*ISNUMBER(SEARCH($AV$2:$AV$194,LOWER(A72&"" ""&L72&"" ""&M72))),0)),""""))","=IF(A72="""","""",IFERROR(INDEX($BA$2:$BA$194,MATCH(1,($AU$2:$AU$194=""product_type_map"")*ISNUMBER(SEARCH($AV$2:$AV$194,LOWER(A72&"" ""&L72&"" ""&M72))),0)),""""))",,,,,,,,,,,,,,,,,,,,,,,,,,,,,,,,,,,,,,,,,collection_map,chino,any,10,men,,,mens-pants,mens-pants,,,,,
,,"=IF(A73="""","""",IFERROR(INDEX($BE$2:$BE$194,MATCH(1,($AU$2:$AU$194=""vendor_map"")*ISNUMBER(SEARCH($BF$2:$BF$194,LOWER(A73))),0)),""""))","=IF(A73="""","""",IFERROR(INDEX($AZ$2:$AZ$194,MATCH(1,($AU$2:$AU$194=""product_type_map"")*ISNUMBER(SEARCH($AV$2:$AV$194,LOWER(A73&"" ""&L73&"" ""&M73))),0)),""""))","=IF(A73="""","""",IFERROR(INDEX($BB$2:$BB$194,MATCH(1,($AU$2:$AU$194=""collection_map"")*ISNUMBER(SEARCH($AV$2:$AV$194,LOWER(A73&"" ""&L73&"" ""&M73))),0)),""""))","=IF(A73="""","""",IFERROR(INDEX($BA$2:$BA$194,MATCH(1,($AU$2:$AU$194=""product_type_map"")*ISNUMBER(SEARCH($AV$2:$AV$194,LOWER(A73&"" ""&L73&"" ""&M73))),0)),""""))",,,,,,,,,,,,,,,,,,,,,,,,,,,,,,,,,,,,,,,,,collection_map,trouser,any,10,men,,,mens-pants,mens-pants,,,,,
,,"=IF(A74="""","""",IFERROR(INDEX($BE$2:$BE$194,MATCH(1,($AU$2:$AU$194=""vendor_map"")*ISNUMBER(SEARCH($BF$2:$BF$194,LOWER(A74))),0)),""""))","=IF(A74="""","""",IFERROR(INDEX($AZ$2:$AZ$194,MATCH(1,($AU$2:$AU$194=""product_type_map"")*ISNUMBER(SEARCH($AV$2:$AV$194,LOWER(A74&"" ""&L74&"" ""&M74))),0)),""""))","=IF(A74="""","""",IFERROR(INDEX($BB$2:$BB$194,MATCH(1,($AU$2:$AU$194=""collection_map"")*ISNUMBER(SEARCH($AV$2:$AV$194,LOWER(A74&"" ""&L74&"" ""&M74))),0)),""""))","=IF(A74="""","""",IFERROR(INDEX($BA$2:$BA$194,MATCH(1,($AU$2:$AU$194=""product_type_map"")*ISNUMBER(SEARCH($AV$2:$AV$194,LOWER(A74&"" ""&L74&"" ""&M74))),0)),""""))",,,,,,,,,,,,,,,,,,,,,,,,,,,,,,,,,,,,,,,,,collection_map,short,any,10,men,,,mens-pants,mens-pants,,,,,
,,"=IF(A75="""","""",IFERROR(INDEX($BE$2:$BE$194,MATCH(1,($AU$2:$AU$194=""vendor_map"")*ISNUMBER(SEARCH($BF$2:$BF$194,LOWER(A75))),0)),""""))","=IF(A75="""","""",IFERROR(INDEX($AZ$2:$AZ$194,MATCH(1,($AU$2:$AU$194=""product_type_map"")*ISNUMBER(SEARCH($AV$2:$AV$194,LOWER(A75&"" ""&L75&"" ""&M75))),0)),""""))","=IF(A75="""","""",IFERROR(INDEX($BB$2:$BB$194,MATCH(1,($AU$2:$AU$194=""collection_map"")*ISNUMBER(SEARCH($AV$2:$AV$194,LOWER(A75&"" ""&L75&"" ""&M75))),0)),""""))","=IF(A75="""","""",IFERROR(INDEX($BA$2:$BA$194,MATCH(1,($AU$2:$AU$194=""product_type_map"")*ISNUMBER(SEARCH($AV$2:$AV$194,LOWER(A75&"" ""&L75&"" ""&M75))),0)),""""))",,,,,,,,,,,,,,,,,,,,,,,,,,,,,,,,,,,,,,,,,collection_map,jogger,any,10,men,,,mens-pants,mens-pants,,,,,No mens-activewear collection
,,"=IF(A76="""","""",IFERROR(INDEX($BE$2:$BE$194,MATCH(1,($AU$2:$AU$194=""vendor_map"")*ISNUMBER(SEARCH($BF$2:$BF$194,LOWER(A76))),0)),""""))","=IF(A76="""","""",IFERROR(INDEX($AZ$2:$AZ$194,MATCH(1,($AU$2:$AU$194=""product_type_map"")*ISNUMBER(SEARCH($AV$2:$AV$194,LOWER(A76&"" ""&L76&"" ""&M76))),0)),""""))","=IF(A76="""","""",IFERROR(INDEX($BB$2:$BB$194,MATCH(1,($AU$2:$AU$194=""collection_map"")*ISNUMBER(SEARCH($AV$2:$AV$194,LOWER(A76&"" ""&L76&"" ""&M76))),0)),""""))","=IF(A76="""","""",IFERROR(INDEX($BA$2:$BA$194,MATCH(1,($AU$2:$AU$194=""product_type_map"")*ISNUMBER(SEARCH($AV$2:$AV$194,LOWER(A76&"" ""&L76&"" ""&M76))),0)),""""))",,,,,,,,,,,,,,,,,,,,,,,,,,,,,,,,,,,,,,,,,collection_map,jacket,any,10,men,,,mens-outerwear,mens-outerwear,,,,,
,,"=IF(A77="""","""",IFERROR(INDEX($BE$2:$BE$194,MATCH(1,($AU$2:$AU$194=""vendor_map"")*ISNUMBER(SEARCH($BF$2:$BF$194,LOWER(A77))),0)),""""))","=IF(A77="""","""",IFERROR(INDEX($AZ$2:$AZ$194,MATCH(1,($AU$2:$AU$194=""product_type_map"")*ISNUMBER(SEARCH($AV$2:$AV$194,LOWER(A77&"" ""&L77&"" ""&M77))),0)),""""))","=IF(A77="""","""",IFERROR(INDEX($BB$2:$BB$194,MATCH(1,($AU$2:$AU$194=""collection_map"")*ISNUMBER(SEARCH($AV$2:$AV$194,LOWER(A77&"" ""&L77&"" ""&M77))),0)),""""))","=IF(A77="""","""",IFERROR(INDEX($BA$2:$BA$194,MATCH(1,($AU$2:$AU$194=""product_type_map"")*ISNUMBER(SEARCH($AV$2:$AV$194,LOWER(A77&"" ""&L77&"" ""&M77))),0)),""""))",,,,,,,,,,,,,,,,,,,,,,,,,,,,,,,,,,,,,,,,,collection_map,coat,any,10,men,,,mens-outerwear,mens-outerwear,,,,,
,,"=IF(A78="""","""",IFERROR(INDEX($BE$2:$BE$194,MATCH(1,($AU$2:$AU$194=""vendor_map"")*ISNUMBER(SEARCH($BF$2:$BF$194,LOWER(A78))),0)),""""))","=IF(A78="""","""",IFERROR(INDEX($AZ$2:$AZ$194,MATCH(1,($AU$2:$AU$194=""product_type_map"")*ISNUMBER(SEARCH($AV$2:$AV$194,LOWER(A78&"" ""&L78&"" ""&M78))),0)),""""))","=IF(A78="""","""",IFERROR(INDEX($BB$2:$BB$194,MATCH(1,($AU$2:$AU$194=""collection_map"")*ISNUMBER(SEARCH($AV$2:$AV$194,LOWER(A78&"" ""&L78&"" ""&M78))),0)),""""))","=IF(A78="""","""",IFERROR(INDEX($BA$2:$BA$194,MATCH(1,($AU$2:$AU$194=""product_type_map"")*ISNUMBER(SEARCH($AV$2:$AV$194,LOWER(A78&"" ""&L78&"" ""&M78))),0)),""""))",,,,,,,,,,,,,,,,,,,,,,,,,,,,,,,,,,,,,,,,,collection_map,hoodie,any,10,men,,,mens-outerwear,mens-outerwear,,,,,
,,"=IF(A79="""","""",IFERROR(INDEX($BE$2:$BE$194,MATCH(1,($AU$2:$AU$194=""vendor_map"")*ISNUMBER(SEARCH($BF$2:$BF$194,LOWER(A79))),0)),""""))","=IF(A79="""","""",IFERROR(INDEX($AZ$2:$AZ$194,MATCH(1,($AU$2:$AU$194=""product_type_map"")*ISNUMBER(SEARCH($AV$2:$AV$194,LOWER(A79&"" ""&L79&"" ""&M79))),0)),""""))","=IF(A79="""","""",IFERROR(INDEX($BB$2:$BB$194,MATCH(1,($AU$2:$AU$194=""collection_map"")*ISNUMBER(SEARCH($AV$2:$AV$194,LOWER(A79&"" ""&L79&"" ""&M79))),0)),""""))","=IF(A79="""","""",IFERROR(INDEX($BA$2:$BA$194,MATCH(1,($AU$2:$AU$194=""product_type_map"")*ISNUMBER(SEARCH($AV$2:$AV$194,LOWER(A79&"" ""&L79&"" ""&M79))),0)),""""))",,,,,,,,,,,,,,,,,,,,,,,,,,,,,,,,,,,,,,,,,collection_map,fleece,any,10,men,,,mens-outerwear,mens-outerwear,,,,,
,,"=IF(A80="""","""",IFERROR(INDEX($BE$2:$BE$194,MATCH(1,($AU$2:$AU$194=""vendor_map"")*ISNUMBER(SEARCH($BF$2:$BF$194,LOWER(A80))),0)),""""))","=IF(A80="""","""",IFERROR(INDEX($AZ$2:$AZ$194,MATCH(1,($AU$2:$AU$194=""product_type_map"")*ISNUMBER(SEARCH($AV$2:$AV$194,LOWER(A80&"" ""&L80&"" ""&M80))),0)),""""))","=IF(A80="""","""",IFERROR(INDEX($BB$2:$BB$194,MATCH(1,($AU$2:$AU$194=""collection_map"")*ISNUMBER(SEARCH($AV$2:$AV$194,LOWER(A80&"" ""&L80&"" ""&M80))),0)),""""))","=IF(A80="""","""",IFERROR(INDEX($BA$2:$BA$194,MATCH(1,($AU$2:$AU$194=""product_type_map"")*ISNUMBER(SEARCH($AV$2:$AV$194,LOWER(A80&"" ""&L80&"" ""&M80))),0)),""""))",,,,,,,,,,,,,,,,,,,,,,,,,,,,,,,,,,,,,,,,,collection_map,boot,any,10,men,,,mens-shoes,mens-shoes,,,,,
,,"=IF(A81="""","""",IFERROR(INDEX($BE$2:$BE$194,MATCH(1,($AU$2:$AU$194=""vendor_map"")*ISNUMBER(SEARCH($BF$2:$BF$194,LOWER(A81))),0)),""""))","=IF(A81="""","""",IFERROR(INDEX($AZ$2:$AZ$194,MATCH(1,($AU$2:$AU$194=""product_type_map"")*ISNUMBER(SEARCH($AV$2:$AV$194,LOWER(A81&"" ""&L81&"" ""&M81))),0)),""""))","=IF(A81="""","""",IFERROR(INDEX($BB$2:$BB$194,MATCH(1,($AU$2:$AU$194=""collection_map"")*ISNUMBER(SEARCH($AV$2:$AV$194,LOWER(A81&"" ""&L81&"" ""&M81))),0)),""""))","=IF(A81="""","""",IFERROR(INDEX($BA$2:$BA$194,MATCH(1,($AU$2:$AU$194=""product_type_map"")*ISNUMBER(SEARCH($AV$2:$AV$194,LOWER(A81&"" ""&L81&"" ""&M81))),0)),""""))",,,,,,,,,,,,,,,,,,,,,,,,,,,,,,,,,,,,,,,,,collection_map,sneaker,any,10,men,,,mens-shoes,mens-shoes,,,,,
,,"=IF(A82="""","""",IFERROR(INDEX($BE$2:$BE$194,MATCH(1,($AU$2:$AU$194=""vendor_map"")*ISNUMBER(SEARCH($BF$2:$BF$194,LOWER(A82))),0)),""""))","=IF(A82="""","""",IFERROR(INDEX($AZ$2:$AZ$194,MATCH(1,($AU$2:$AU$194=""product_type_map"")*ISNUMBER(SEARCH($AV$2:$AV$194,LOWER(A82&"" ""&L82&"" ""&M82))),0)),""""))","=IF(A82="""","""",IFERROR(INDEX($BB$2:$BB$194,MATCH(1,($AU$2:$AU$194=""collection_map"")*ISNUMBER(SEARCH($AV$2:$AV$194,LOWER(A82&"" ""&L82&"" ""&M82))),0)),""""))","=IF(A82="""","""",IFERROR(INDEX($BA$2:$BA$194,MATCH(1,($AU$2:$AU$194=""product_type_map"")*ISNUMBER(SEARCH($AV$2:$AV$194,LOWER(A82&"" ""&L82&"" ""&M82))),0)),""""))",,,,,,,,,,,,,,,,,,,,,,,,,,,,,,,,,,,,,,,,,collection_map,loafer,any,10,men,,,mens-shoes,mens-shoes,,,,,
,,"=IF(A83="""","""",IFERROR(INDEX($BE$2:$BE$194,MATCH(1,($AU$2:$AU$194=""vendor_map"")*ISNUMBER(SEARCH($BF$2:$BF$194,LOWER(A83))),0)),""""))","=IF(A83="""","""",IFERROR(INDEX($AZ$2:$AZ$194,MATCH(1,($AU$2:$AU$194=""product_type_map"")*ISNUMBER(SEARCH($AV$2:$AV$194,LOWER(A83&"" ""&L83&"" ""&M83))),0)),""""))","=IF(A83="""","""",IFERROR(INDEX($BB$2:$BB$194,MATCH(1,($AU$2:$AU$194=""collection_map"")*ISNUMBER(SEARCH($AV$2:$AV$194,LOWER(A83&"" ""&L83&"" ""&M83))),0)),""""))","=IF(A83="""","""",IFERROR(INDEX($BA$2:$BA$194,MATCH(1,($AU$2:$AU$194=""product_type_map"")*ISNUMBER(SEARCH($AV$2:$AV$194,LOWER(A83&"" ""&L83&"" ""&M83))),0)),""""))",,,,,,,,,,,,,,,,,,,,,,,,,,,,,,,,,,,,,,,,,collection_map,bag,any,10,men,,,mens-accessories,mens-accessories,,,,,
,,"=IF(A84="""","""",IFERROR(INDEX($BE$2:$BE$194,MATCH(1,($AU$2:$AU$194=""vendor_map"")*ISNUMBER(SEARCH($BF$2:$BF$194,LOWER(A84))),0)),""""))","=IF(A84="""","""",IFERROR(INDEX($AZ$2:$AZ$194,MATCH(1,($AU$2:$AU$194=""product_type_map"")*ISNUMBER(SEARCH($AV$2:$AV$194,LOWER(A84&"" ""&L84&"" ""&M84))),0)),""""))","=IF(A84="""","""",IFERROR(INDEX($BB$2:$BB$194,MATCH(1,($AU$2:$AU$194=""collection_map"")*ISNUMBER(SEARCH($AV$2:$AV$194,LOWER(A84&"" ""&L84&"" ""&M84))),0)),""""))","=IF(A84="""","""",IFERROR(INDEX($BA$2:$BA$194,MATCH(1,($AU$2:$AU$194=""product_type_map"")*ISNUMBER(SEARCH($AV$2:$AV$194,LOWER(A84&"" ""&L84&"" ""&M84))),0)),""""))",,,,,,,,,,,,,,,,,,,,,,,,,,,,,,,,,,,,,,,,,collection_map,belt,any,10,men,,,mens-accessories,mens-accessories,,,,,
,,"=IF(A85="""","""",IFERROR(INDEX($BE$2:$BE$194,MATCH(1,($AU$2:$AU$194=""vendor_map"")*ISNUMBER(SEARCH($BF$2:$BF$194,LOWER(A85))),0)),""""))","=IF(A85="""","""",IFERROR(INDEX($AZ$2:$AZ$194,MATCH(1,($AU$2:$AU$194=""product_type_map"")*ISNUMBER(SEARCH($AV$2:$AV$194,LOWER(A85&"" ""&L85&"" ""&M85))),0)),""""))","=IF(A85="""","""",IFERROR(INDEX($BB$2:$BB$194,MATCH(1,($AU$2:$AU$194=""collection_map"")*ISNUMBER(SEARCH($AV$2:$AV$194,LOWER(A85&"" ""&L85&"" ""&M85))),0)),""""))","=IF(A85="""","""",IFERROR(INDEX($BA$2:$BA$194,MATCH(1,($AU$2:$AU$194=""product_type_map"")*ISNUMBER(SEARCH($AV$2:$AV$194,LOWER(A85&"" ""&L85&"" ""&M85))),0)),""""))",,,,,,,,,,,,,,,,,,,,,,,,,,,,,,,,,,,,,,,,,collection_map,hat,any,10,men,,,mens-accessories,mens-accessories,,,,,
,,"=IF(A86="""","""",IFERROR(INDEX($BE$2:$BE$194,MATCH(1,($AU$2:$AU$194=""vendor_map"")*ISNUMBER(SEARCH($BF$2:$BF$194,LOWER(A86))),0)),""""))","=IF(A86="""","""",IFERROR(INDEX($AZ$2:$AZ$194,MATCH(1,($AU$2:$AU$194=""product_type_map"")*ISNUMBER(SEARCH($AV$2:$AV$194,LOWER(A86&"" ""&L86&"" ""&M86))),0)),""""))","=IF(A86="""","""",IFERROR(INDEX($BB$2:$BB$194,MATCH(1,($AU$2:$AU$194=""collection_map"")*ISNUMBER(SEARCH($AV$2:$AV$194,LOWER(A86&"" ""&L86&"" ""&M86))),0)),""""))","=IF(A86="""","""",IFERROR(INDEX($BA$2:$BA$194,MATCH(1,($AU$2:$AU$194=""product_type_map"")*ISNUMBER(SEARCH($AV$2:$AV$194,LOWER(A86&"" ""&L86&"" ""&M86))),0)),""""))",,,,,,,,,,,,,,,,,,,,,,,,,,,,,,,,,,,,,,,,,collection_map,wallet,any,10,men,,,mens-accessories,mens-accessories,,,,,
,,"=IF(A87="""","""",IFERROR(INDEX($BE$2:$BE$194,MATCH(1,($AU$2:$AU$194=""vendor_map"")*ISNUMBER(SEARCH($BF$2:$BF$194,LOWER(A87))),0)),""""))","=IF(A87="""","""",IFERROR(INDEX($AZ$2:$AZ$194,MATCH(1,($AU$2:$AU$194=""product_type_map"")*ISNUMBER(SEARCH($AV$2:$AV$194,LOWER(A87&"" ""&L87&"" ""&M87))),0)),""""))","=IF(A87="""","""",IFERROR(INDEX($BB$2:$BB$194,MATCH(1,($AU$2:$AU$194=""collection_map"")*ISNUMBER(SEARCH($AV$2:$AV$194,LOWER(A87&"" ""&L87&"" ""&M87))),0)),""""))","=IF(A87="""","""",IFERROR(INDEX($BA$2:$BA$194,MATCH(1,($AU$2:$AU$194=""product_type_map"")*ISNUMBER(SEARCH($AV$2:$AV$194,LOWER(A87&"" ""&L87&"" ""&M87))),0)),""""))",,,,,,,,,,,,,,,,,,,,,,,,,,,,,,,,,,,,,,,,,collection_map,watch,any,10,men,,,mens-accessories,mens-accessories,,,,,
,,"=IF(A88="""","""",IFERROR(INDEX($BE$2:$BE$194,MATCH(1,($AU$2:$AU$194=""vendor_map"")*ISNUMBER(SEARCH($BF$2:$BF$194,LOWER(A88))),0)),""""))","=IF(A88="""","""",IFERROR(INDEX($AZ$2:$AZ$194,MATCH(1,($AU$2:$AU$194=""product_type_map"")*ISNUMBER(SEARCH($AV$2:$AV$194,LOWER(A88&"" ""&L88&"" ""&M88))),0)),""""))","=IF(A88="""","""",IFERROR(INDEX($BB$2:$BB$194,MATCH(1,($AU$2:$AU$194=""collection_map"")*ISNUMBER(SEARCH($AV$2:$AV$194,LOWER(A88&"" ""&L88&"" ""&M88))),0)),""""))","=IF(A88="""","""",IFERROR(INDEX($BA$2:$BA$194,MATCH(1,($AU$2:$AU$194=""product_type_map"")*ISNUMBER(SEARCH($AV$2:$AV$194,LOWER(A88&"" ""&L88&"" ""&M88))),0)),""""))",,,,,,,,,,,,,,,,,,,,,,,,,,,,,,,,,,,,,,,,,collection_map,tie,any,10,men,,,mens-accessories,mens-accessories,,,,,
,,"=IF(A89="""","""",IFERROR(INDEX($BE$2:$BE$194,MATCH(1,($AU$2:$AU$194=""vendor_map"")*ISNUMBER(SEARCH($BF$2:$BF$194,LOWER(A89))),0)),""""))","=IF(A89="""","""",IFERROR(INDEX($AZ$2:$AZ$194,MATCH(1,($AU$2:$AU$194=""product_type_map"")*ISNUMBER(SEARCH($AV$2:$AV$194,LOWER(A89&"" ""&L89&"" ""&M89))),0)),""""))","=IF(A89="""","""",IFERROR(INDEX($BB$2:$BB$194,MATCH(1,($AU$2:$AU$194=""collection_map"")*ISNUMBER(SEARCH($AV$2:$AV$194,LOWER(A89&"" ""&L89&"" ""&M89))),0)),""""))","=IF(A89="""","""",IFERROR(INDEX($BA$2:$BA$194,MATCH(1,($AU$2:$AU$194=""product_type_map"")*ISNUMBER(SEARCH($AV$2:$AV$194,LOWER(A89&"" ""&L89&"" ""&M89))),0)),""""))",,,,,,,,,,,,,,,,,,,,,,,,,,,,,,,,,,,,,,,,,collection_map,kids,any,5,kids,,,kids,kids,,,,,Any kids product
,,"=IF(A90="""","""",IFERROR(INDEX($BE$2:$BE$194,MATCH(1,($AU$2:$AU$194=""vendor_map"")*ISNUMBER(SEARCH($BF$2:$BF$194,LOWER(A90))),0)),""""))","=IF(A90="""","""",IFERROR(INDEX($AZ$2:$AZ$194,MATCH(1,($AU$2:$AU$194=""product_type_map"")*ISNUMBER(SEARCH($AV$2:$AV$194,LOWER(A90&"" ""&L90&"" ""&M90))),0)),""""))","=IF(A90="""","""",IFERROR(INDEX($BB$2:$BB$194,MATCH(1,($AU$2:$AU$194=""collection_map"")*ISNUMBER(SEARCH($AV$2:$AV$194,LOWER(A90&"" ""&L90&"" ""&M90))),0)),""""))","=IF(A90="""","""",IFERROR(INDEX($BA$2:$BA$194,MATCH(1,($AU$2:$AU$194=""product_type_map"")*ISNUMBER(SEARCH($AV$2:$AV$194,LOWER(A90&"" ""&L90&"" ""&M90))),0)),""""))",,,,,,,,,,,,,,,,,,,,,,,,,,,,,,,,,,,,,,,,,collection_map,kid,any,8,kids,,,kids,kids,,,,,
,,"=IF(A91="""","""",IFERROR(INDEX($BE$2:$BE$194,MATCH(1,($AU$2:$AU$194=""vendor_map"")*ISNUMBER(SEARCH($BF$2:$BF$194,LOWER(A91))),0)),""""))","=IF(A91="""","""",IFERROR(INDEX($AZ$2:$AZ$194,MATCH(1,($AU$2:$AU$194=""product_type_map"")*ISNUMBER(SEARCH($AV$2:$AV$194,LOWER(A91&"" ""&L91&"" ""&M91))),0)),""""))","=IF(A91="""","""",IFERROR(INDEX($BB$2:$BB$194,MATCH(1,($AU$2:$AU$194=""collection_map"")*ISNUMBER(SEARCH($AV$2:$AV$194,LOWER(A91&"" ""&L91&"" ""&M91))),0)),""""))","=IF(A91="""","""",IFERROR(INDEX($BA$2:$BA$194,MATCH(1,($AU$2:$AU$194=""product_type_map"")*ISNUMBER(SEARCH($AV$2:$AV$194,LOWER(A91&"" ""&L91&"" ""&M91))),0)),""""))",,,,,,,,,,,,,,,,,,,,,,,,,,,,,,,,,,,,,,,,,collection_map,boys,any,5,kids,,,kids,kids,,,,,
,,"=IF(A92="""","""",IFERROR(INDEX($BE$2:$BE$194,MATCH(1,($AU$2:$AU$194=""vendor_map"")*ISNUMBER(SEARCH($BF$2:$BF$194,LOWER(A92))),0)),""""))","=IF(A92="""","""",IFERROR(INDEX($AZ$2:$AZ$194,MATCH(1,($AU$2:$AU$194=""product_type_map"")*ISNUMBER(SEARCH($AV$2:$AV$194,LOWER(A92&"" ""&L92&"" ""&M92))),0)),""""))","=IF(A92="""","""",IFERROR(INDEX($BB$2:$BB$194,MATCH(1,($AU$2:$AU$194=""collection_map"")*ISNUMBER(SEARCH($AV$2:$AV$194,LOWER(A92&"" ""&L92&"" ""&M92))),0)),""""))","=IF(A92="""","""",IFERROR(INDEX($BA$2:$BA$194,MATCH(1,($AU$2:$AU$194=""product_type_map"")*ISNUMBER(SEARCH($AV$2:$AV$194,LOWER(A92&"" ""&L92&"" ""&M92))),0)),""""))",,,,,,,,,,,,,,,,,,,,,,,,,,,,,,,,,,,,,,,,,collection_map,boy,any,8,kids,,,kids,kids,,,,,
,,"=IF(A93="""","""",IFERROR(INDEX($BE$2:$BE$194,MATCH(1,($AU$2:$AU$194=""vendor_map"")*ISNUMBER(SEARCH($BF$2:$BF$194,LOWER(A93))),0)),""""))","=IF(A93="""","""",IFERROR(INDEX($AZ$2:$AZ$194,MATCH(1,($AU$2:$AU$194=""product_type_map"")*ISNUMBER(SEARCH($AV$2:$AV$194,LOWER(A93&"" ""&L93&"" ""&M93))),0)),""""))","=IF(A93="""","""",IFERROR(INDEX($BB$2:$BB$194,MATCH(1,($AU$2:$AU$194=""collection_map"")*ISNUMBER(SEARCH($AV$2:$AV$194,LOWER(A93&"" ""&L93&"" ""&M93))),0)),""""))","=IF(A93="""","""",IFERROR(INDEX($BA$2:$BA$194,MATCH(1,($AU$2:$AU$194=""product_type_map"")*ISNUMBER(SEARCH($AV$2:$AV$194,LOWER(A93&"" ""&L93&"" ""&M93))),0)),""""))",,,,,,,,,,,,,,,,,,,,,,,,,,,,,,,,,,,,,,,,,collection_map,girls,any,5,kids,,,kids,kids,,,,,
,,"=IF(A94="""","""",IFERROR(INDEX($BE$2:$BE$194,MATCH(1,($AU$2:$AU$194=""vendor_map"")*ISNUMBER(SEARCH($BF$2:$BF$194,LOWER(A94))),0)),""""))","=IF(A94="""","""",IFERROR(INDEX($AZ$2:$AZ$194,MATCH(1,($AU$2:$AU$194=""product_type_map"")*ISNUMBER(SEARCH($AV$2:$AV$194,LOWER(A94&"" ""&L94&"" ""&M94))),0)),""""))","=IF(A94="""","""",IFERROR(INDEX($BB$2:$BB$194,MATCH(1,($AU$2:$AU$194=""collection_map"")*ISNUMBER(SEARCH($AV$2:$AV$194,LOWER(A94&"" ""&L94&"" ""&M94))),0)),""""))","=IF(A94="""","""",IFERROR(INDEX($BA$2:$BA$194,MATCH(1,($AU$2:$AU$194=""product_type_map"")*ISNUMBER(SEARCH($AV$2:$AV$194,LOWER(A94&"" ""&L94&"" ""&M94))),0)),""""))",,,,,,,,,,,,,,,,,,,,,,,,,,,,,,,,,,,,,,,,,collection_map,girl,any,8,kids,,,kids,kids,,,,,
,,"=IF(A95="""","""",IFERROR(INDEX($BE$2:$BE$194,MATCH(1,($AU$2:$AU$194=""vendor_map"")*ISNUMBER(SEARCH($BF$2:$BF$194,LOWER(A95))),0)),""""))","=IF(A95="""","""",IFERROR(INDEX($AZ$2:$AZ$194,MATCH(1,($AU$2:$AU$194=""product_type_map"")*ISNUMBER(SEARCH($AV$2:$AV$194,LOWER(A95&"" ""&L95&"" ""&M95))),0)),""""))","=IF(A95="""","""",IFERROR(INDEX($BB$2:$BB$194,MATCH(1,($AU$2:$AU$194=""collection_map"")*ISNUMBER(SEARCH($AV$2:$AV$194,LOWER(A95&"" ""&L95&"" ""&M95))),0)),""""))","=IF(A95="""","""",IFERROR(INDEX($BA$2:$BA$194,MATCH(1,($AU$2:$AU$194=""product_type_map"")*ISNUMBER(SEARCH($AV$2:$AV$194,LOWER(A95&"" ""&L95&"" ""&M95))),0)),""""))",,,,,,,,,,,,,,,,,,,,,,,,,,,,,,,,,,,,,,,,,collection_map,toddler,any,5,kids,,,kids,kids,,,,,
,,"=IF(A96="""","""",IFERROR(INDEX($BE$2:$BE$194,MATCH(1,($AU$2:$AU$194=""vendor_map"")*ISNUMBER(SEARCH($BF$2:$BF$194,LOWER(A96))),0)),""""))","=IF(A96="""","""",IFERROR(INDEX($AZ$2:$AZ$194,MATCH(1,($AU$2:$AU$194=""product_type_map"")*ISNUMBER(SEARCH($AV$2:$AV$194,LOWER(A96&"" ""&L96&"" ""&M96))),0)),""""))","=IF(A96="""","""",IFERROR(INDEX($BB$2:$BB$194,MATCH(1,($AU$2:$AU$194=""collection_map"")*ISNUMBER(SEARCH($AV$2:$AV$194,LOWER(A96&"" ""&L96&"" ""&M96))),0)),""""))","=IF(A96="""","""",IFERROR(INDEX($BA$2:$BA$194,MATCH(1,($AU$2:$AU$194=""product_type_map"")*ISNUMBER(SEARCH($AV$2:$AV$194,LOWER(A96&"" ""&L96&"" ""&M96))),0)),""""))",,,,,,,,,,,,,,,,,,,,,,,,,,,,,,,,,,,,,,,,,collection_map,baby,any,5,kids,,,kids,kids,,,,,
,,"=IF(A97="""","""",IFERROR(INDEX($BE$2:$BE$194,MATCH(1,($AU$2:$AU$194=""vendor_map"")*ISNUMBER(SEARCH($BF$2:$BF$194,LOWER(A97))),0)),""""))","=IF(A97="""","""",IFERROR(INDEX($AZ$2:$AZ$194,MATCH(1,($AU$2:$AU$194=""product_type_map"")*ISNUMBER(SEARCH($AV$2:$AV$194,LOWER(A97&"" ""&L97&"" ""&M97))),0)),""""))","=IF(A97="""","""",IFERROR(INDEX($BB$2:$BB$194,MATCH(1,($AU$2:$AU$194=""collection_map"")*ISNUMBER(SEARCH($AV$2:$AV$194,LOWER(A97&"" ""&L97&"" ""&M97))),0)),""""))","=IF(A97="""","""",IFERROR(INDEX($BA$2:$BA$194,MATCH(1,($AU$2:$AU$194=""product_type_map"")*ISNUMBER(SEARCH($AV$2:$AV$194,LOWER(A97&"" ""&L97&"" ""&M97))),0)),""""))",,,,,,,,,,,,,,,,,,,,,,,,,,,,,,,,,,,,,,,,,collection_map,youth,any,5,kids,,,kids,kids,,,,,
,,"=IF(A98="""","""",IFERROR(INDEX($BE$2:$BE$194,MATCH(1,($AU$2:$AU$194=""vendor_map"")*ISNUMBER(SEARCH($BF$2:$BF$194,LOWER(A98))),0)),""""))","=IF(A98="""","""",IFERROR(INDEX($AZ$2:$AZ$194,MATCH(1,($AU$2:$AU$194=""product_type_map"")*ISNUMBER(SEARCH($AV$2:$AV$194,LOWER(A98&"" ""&L98&"" ""&M98))),0)),""""))","=IF(A98="""","""",IFERROR(INDEX($BB$2:$BB$194,MATCH(1,($AU$2:$AU$194=""collection_map"")*ISNUMBER(SEARCH($AV$2:$AV$194,LOWER(A98&"" ""&L98&"" ""&M98))),0)),""""))","=IF(A98="""","""",IFERROR(INDEX($BA$2:$BA$194,MATCH(1,($AU$2:$AU$194=""product_type_map"")*ISNUMBER(SEARCH($AV$2:$AV$194,LOWER(A98&"" ""&L98&"" ""&M98))),0)),""""))",,,,,,,,,,,,,,,,,,,,,,,,,,,,,,,,,,,,,,,,,collection_map,children,any,5,kids,,,kids,kids,,,,,
,,"=IF(A99="""","""",IFERROR(INDEX($BE$2:$BE$194,MATCH(1,($AU$2:$AU$194=""vendor_map"")*ISNUMBER(SEARCH($BF$2:$BF$194,LOWER(A99))),0)),""""))","=IF(A99="""","""",IFERROR(INDEX($AZ$2:$AZ$194,MATCH(1,($AU$2:$AU$194=""product_type_map"")*ISNUMBER(SEARCH($AV$2:$AV$194,LOWER(A99&"" ""&L99&"" ""&M99))),0)),""""))","=IF(A99="""","""",IFERROR(INDEX($BB$2:$BB$194,MATCH(1,($AU$2:$AU$194=""collection_map"")*ISNUMBER(SEARCH($AV$2:$AV$194,LOWER(A99&"" ""&L99&"" ""&M99))),0)),""""))","=IF(A99="""","""",IFERROR(INDEX($BA$2:$BA$194,MATCH(1,($AU$2:$AU$194=""product_type_map"")*ISNUMBER(SEARCH($AV$2:$AV$194,LOWER(A99&"" ""&L99&"" ""&M99))),0)),""""))",,,,,,,,,,,,,,,,,,,,,,,,,,,,,,,,,,,,,,,,,collection_map,/kids/,url,3,kids,,,kids,kids,,,,,
,,"=IF(A100="""","""",IFERROR(INDEX($BE$2:$BE$194,MATCH(1,($AU$2:$AU$194=""vendor_map"")*ISNUMBER(SEARCH($BF$2:$BF$194,LOWER(A100))),0)),""""))","=IF(A100="""","""",IFERROR(INDEX($AZ$2:$AZ$194,MATCH(1,($AU$2:$AU$194=""product_type_map"")*ISNUMBER(SEARCH($AV$2:$AV$194,LOWER(A100&"" ""&L100&"" ""&M100))),0)),""""))","=IF(A100="""","""",IFERROR(INDEX($BB$2:$BB$194,MATCH(1,($AU$2:$AU$194=""collection_map"")*ISNUMBER(SEARCH($AV$2:$AV$194,LOWER(A100&"" ""&L100&"" ""&M100))),0)),""""))","=IF(A100="""","""",IFERROR(INDEX($BA$2:$BA$194,MATCH(1,($AU$2:$AU$194=""product_type_map"")*ISNUMBER(SEARCH($AV$2:$AV$194,LOWER(A100&"" ""&L100&"" ""&M100))),0)),""""))",,,,,,,,,,,,,,,,,,,,,,,,,,,,,,,,,,,,,,,,,collection_map,/boys/,url,3,kids,,,kids,kids,,,,,
,,"=IF(A101="""","""",IFERROR(INDEX($BE$2:$BE$194,MATCH(1,($AU$2:$AU$194=""vendor_map"")*ISNUMBER(SEARCH($BF$2:$BF$194,LOWER(A101))),0)),""""))","=IF(A101="""","""",IFERROR(INDEX($AZ$2:$AZ$194,MATCH(1,($AU$2:$AU$194=""product_type_map"")*ISNUMBER(SEARCH($AV$2:$AV$194,LOWER(A101&"" ""&L101&"" ""&M101))),0)),""""))","=IF(A101="""","""",IFERROR(INDEX($BB$2:$BB$194,MATCH(1,($AU$2:$AU$194=""collection_map"")*ISNUMBER(SEARCH($AV$2:$AV$194,LOWER(A101&"" ""&L101&"" ""&M101))),0)),""""))","=IF(A101="""","""",IFERROR(INDEX($BA$2:$BA$194,MATCH(1,($AU$2:$AU$194=""product_type_map"")*ISNUMBER(SEARCH($AV$2:$AV$194,LOWER(A101&"" ""&L101&"" ""&M101))),0)),""""))",,,,,,,,,,,,,,,,,,,,,,,,,,,,,,,,,,,,,,,,,collection_map,/girls/,url,3,kids,,,kids,kids,,,,,
,,,,,,,,,,,,,,,,,,,,,,,,,,,,,,,,,,,,,,,,,,,,,,collection_map,/children/,url,3,kids,,,kids,kids,,,,,
,,,,,,,,,,,,,,,,,,,,,,,,,,,,,,,,,,,,,,,,,,,,,,collection_map,/men/,url,5,men,,,,,,,,,Gender hint
,,,,,,,,,,,,,,,,,,,,,,,,,,,,,,,,,,,,,,,,,,,,,,collection_map,/women/,url,5,women,,,,,,,,,Gender hint
,,,,,,,,,,,,,,,,,,,,,,,,,,,,,,,,,,,,,,,,,,,,,,collection_map,/mujer/,url,5,women,,,,,,,,,Mango ES
,,,,,,,,,,,,,,,,,,,,,,,,,,,,,,,,,,,,,,,,,,,,,,collection_map,/hombre/,url,5,men,,,,,,,,,Mango ES
,,,,,,,,,,,,,,,,,,,,,,,,,,,,,,,,,,,,,,,,,,,,,,collection_map,/shirts/,url,8,men,,,mens-shirts,mens-shirts,,,,,
,,,,,,,,,,,,,,,,,,,,,,,,,,,,,,,,,,,,,,,,,,,,,,collection_map,/dresses/,url,8,women,,,womens-dresses,womens-dresses,,,,,
,,,,,,,,,,,,,,,,,,,,,,,,,,,,,,,,,,,,,,,,,,,,,,collection_map,/linen/,url,10,men,,,mens-shirts,mens-shirts,,,,,
,,,,,,,,,,,,,,,,,,,,,,,,,,,,,,,,,,,,,,,,,,,,,,product_type_map,dress,any,10,women,Women > Dresses > Casual,clothing_alpha,womens-dresses,,dress,,,,
,,,,,,,,,,,,,,,,,,,,,,,,,,,,,,,,,,,,,,,,,,,,,,product_type_map,midi dress,title,5,women,Women > Dresses > Midi,clothing_alpha,womens-dresses,,dress,,,,
,,,,,,,,,,,,,,,,,,,,,,,,,,,,,,,,,,,,,,,,,,,,,,product_type_map,maxi dress,title,5,women,Women > Dresses > Maxi,clothing_alpha,womens-dresses,,dress,,,,
,,,,,,,,,,,,,,,,,,,,,,,,,,,,,,,,,,,,,,,,,,,,,,product_type_map,jumpsuit,any,10,women,Women > Jumpsuits > Casual,clothing_alpha,womens-dresses,,dress,,,,
,,,,,,,,,,,,,,,,,,,,,,,,,,,,,,,,,,,,,,,,,,,,,,product_type_map,blouse,any,10,women,Women > Tops > Blouse,clothing_alpha,womens-tops,,shirt,,,,
,,,,,,,,,,,,,,,,,,,,,,,,,,,,,,,,,,,,,,,,,,,,,,product_type_map,shirt,any,12,women,Women > Tops > Shirt,clothing_alpha,womens-tops,,shirt,,,,
,,,,,,,,,,,,,,,,,,,,,,,,,,,,,,,,,,,,,,,,,,,,,,product_type_map,tee,any,10,women,Women > Tops > T-Shirt,clothing_alpha,womens-tops,,t-shirt,,,,
,,,,,,,,,,,,,,,,,,,,,,,,,,,,,,,,,,,,,,,,,,,,,,product_type_map,jean,any,10,women,Women > Jeans > Straight,clothing_numeric,womens-bottoms,,jean,,,,
,,,,,,,,,,,,,,,,,,,,,,,,,,,,,,,,,,,,,,,,,,,,,,product_type_map,pant,any,12,women,Women > Pants > Casual,clothing_alpha,womens-bottoms,,pant,,,,
,,,,,,,,,,,,,,,,,,,,,,,,,,,,,,,,,,,,,,,,,,,,,,product_type_map,skirt,any,10,women,Women > Skirts > Casual,clothing_alpha,womens-bottoms,,dress,,,,
,,,,,,,,,,,,,,,,,,,,,,,,,,,,,,,,,,,,,,,,,,,,,,product_type_map,legging,any,10,women,Women > Pants > Leggings,clothing_alpha,womens-bottoms,,pant,,,,
,,,,,,,,,,,,,,,,,,,,,,,,,,,,,,,,,,,,,,,,,,,,,,product_type_map,bodysuit,any,10,women,Women > Intimates > Bodysuit,clothing_alpha,womens-intimates,,shirt,,,,Skims
,,,,,,,,,,,,,,,,,,,,,,,,,,,,,,,,,,,,,,,,,,,,,,product_type_map,bra,any,10,women,Women > Intimates > Bra,clothing_alpha,womens-intimates,,shirt,,,,
,,,,,,,,,,,,,,,,,,,,,,,,,,,,,,,,,,,,,,,,,,,,,,product_type_map,underwear,any,10,women,Women > Intimates > Underwear,clothing_alpha,womens-intimates,,shirt,,,,
,,,,,,,,,,,,,,,,,,,,,,,,,,,,,,,,,,,,,,,,,,,,,,product_type_map,jacket,any,10,women,Women > Outerwear > Jacket,clothing_alpha,womens-outerwear,,jacket,,,,
,,,,,,,,,,,,,,,,,,,,,,,,,,,,,,,,,,,,,,,,,,,,,,product_type_map,coat,any,10,women,Women > Outerwear > Coat,clothing_alpha,womens-outerwear,,coat,,,,
,,,,,,,,,,,,,,,,,,,,,,,,,,,,,,,,,,,,,,,,,,,,,,product_type_map,blazer,any,10,women,Women > Outerwear > Blazer,clothing_alpha,womens-outerwear,,jacket,,,,
,,,,,,,,,,,,,,,,,,,,,,,,,,,,,,,,,,,,,,,,,,,,,,product_type_map,hoodie,any,10,women,Women > Outerwear > Hoodie,clothing_alpha,womens-outerwear,,jacket,,,,
,,,,,,,,,,,,,,,,,,,,,,,,,,,,,,,,,,,,,,,,,,,,,,product_type_map,fleece,any,10,women,Women > Outerwear > Fleece,clothing_alpha,womens-outerwear,,jacket,,,,Patagonia
,,,,,,,,,,,,,,,,,,,,,,,,,,,,,,,,,,,,,,,,,,,,,,product_type_map,parka,any,10,women,Women > Outerwear > Parka,clothing_alpha,womens-outerwear,,coat,,,,
,,,,,,,,,,,,,,,,,,,,,,,,,,,,,,,,,,,,,,,,,,,,,,product_type_map,puffer,any,10,women,Women > Outerwear > Puffer Jacket,clothing_alpha,womens-outerwear,,jacket,,,,
,,,,,,,,,,,,,,,,,,,,,,,,,,,,,,,,,,,,,,,,,,,,,,product_type_map,windbreaker,any,10,women,Women > Outerwear > Windbreaker,clothing_alpha,womens-outerwear,,jacket,,,,
,,,,,,,,,,,,,,,,,,,,,,,,,,,,,,,,,,,,,,,,,,,,,,product_type_map,boot,any,10,women,Women > Shoes > Boots,footwear_uk,womens-shoes,,shoe,,,,
,,,,,,,,,,,,,,,,,,,,,,,,,,,,,,,,,,,,,,,,,,,,,,product_type_map,sneaker,any,10,women,Women > Shoes > Sneakers,footwear_uk,womens-shoes,,shoe,,,,
,,,,,,,,,,,,,,,,,,,,,,,,,,,,,,,,,,,,,,,,,,,,,,product_type_map,bag,any,10,women,Women > Accessories > Handbag,one_size,womens-accessories,,bag,,,,
,,,,,,,,,,,,,,,,,,,,,,,,,,,,,,,,,,,,,,,,,,,,,,product_type_map,belt,any,10,women,Women > Accessories > Belt,one_size,womens-accessories,,accessory,,,,
,,,,,,,,,,,,,,,,,,,,,,,,,,,,,,,,,,,,,,,,,,,,,,product_type_map,hat,any,10,women,Women > Accessories > Hat,one_size,womens-accessories,,accessory,,,,
,,,,,,,,,,,,,,,,,,,,,,,,,,,,,,,,,,,,,,,,,,,,,,product_type_map,linen shirt,title,5,men,Men > Shirts > Linen,clothing_alpha,mens-shirts,,shirt,,,,
,,,,,,,,,,,,,,,,,,,,,,,,,,,,,,,,,,,,,,,,,,,,,,product_type_map,shirt,any,15,men,Men > Shirts > Casual,clothing_alpha,mens-shirts,,shirt,,,,
,,,,,,,,,,,,,,,,,,,,,,,,,,,,,,,,,,,,,,,,,,,,,,product_type_map,polo,any,10,men,Men > Shirts > Polo,clothing_alpha,mens-shirts,,shirt,,,,
,,,,,,,,,,,,,,,,,,,,,,,,,,,,,,,,,,,,,,,,,,,,,,product_type_map,jean,any,10,men,Men > Jeans > Straight,clothing_numeric,mens-pants,,jean,,,,
,,,,,,,,,,,,,,,,,,,,,,,,,,,,,,,,,,,,,,,,,,,,,,product_type_map,501,title,5,men,Men > Jeans > 501 Original,clothing_numeric,mens-pants,,jean,,,,Levi's
,,,,,,,,,,,,,,,,,,,,,,,,,,,,,,,,,,,,,,,,,,,,,,product_type_map,pant,any,12,men,Men > Pants > Casual,clothing_alpha,mens-pants,,pant,,,,
,,,,,,,,,,,,,,,,,,,,,,,,,,,,,,,,,,,,,,,,,,,,,,product_type_map,short,any,10,men,Men > Shorts > Casual,clothing_alpha,mens-pants,,pant,,,,
,,,,,,,,,,,,,,,,,,,,,,,,,,,,,,,,,,,,,,,,,,,,,,product_type_map,jacket,any,10,men,Men > Outerwear > Jacket,clothing_alpha,mens-outerwear,,jacket,,,,
,,,,,,,,,,,,,,,,,,,,,,,,,,,,,,,,,,,,,,,,,,,,,,product_type_map,hoodie,any,10,men,Men > Outerwear > Hoodie,clothing_alpha,mens-outerwear,,jacket,,,,
,,,,,,,,,,,,,,,,,,,,,,,,,,,,,,,,,,,,,,,,,,,,,,product_type_map,fleece,any,10,men,Men > Outerwear > Fleece,clothing_alpha,mens-outerwear,,jacket,,,,Patagonia
,,,,,,,,,,,,,,,,,,,,,,,,,,,,,,,,,,,,,,,,,,,,,,product_type_map,boot,any,10,men,Men > Shoes > Boots,footwear_uk,mens-shoes,,shoe,,,,
,,,,,,,,,,,,,,,,,,,,,,,,,,,,,,,,,,,,,,,,,,,,,,product_type_map,sneaker,any,10,men,Men > Shoes > Sneakers,footwear_uk,mens-shoes,,shoe,,,,
,,,,,,,,,,,,,,,,,,,,,,,,,,,,,,,,,,,,,,,,,,,,,,product_type_map,bag,any,10,men,Men > Accessories > Bag,one_size,mens-accessories,,bag,,,,
,,,,,,,,,,,,,,,,,,,,,,,,,,,,,,,,,,,,,,,,,,,,,,product_type_map,belt,any,10,men,Men > Accessories > Belt,one_size,mens-accessories,,accessory,,,,
,,,,,,,,,,,,,,,,,,,,,,,,,,,,,,,,,,,,,,,,,,,,,,product_type_map,hat,any,10,men,Men > Accessories > Hat,one_size,mens-accessories,,accessory,,,,
,,,,,,,,,,,,,,,,,,,,,,,,,,,,,,,,,,,,,,,,,,,,,,product_type_map,watch,any,10,men,Men > Accessories > Watch,one_size,mens-accessories,,accessory,,,,
,,,,,,,,,,,,,,,,,,,,,,,,,,,,,,,,,,,,,,,,,,,,,,product_type_map,kids dress,title,5,kids,Kids > Dresses > Casual,clothing_alpha,kids,,dress,,,,
,,,,,,,,,,,,,,,,,,,,,,,,,,,,,,,,,,,,,,,,,,,,,,product_type_map,girls dress,title,5,kids,Kids > Girls > Dress,clothing_alpha,kids,,dress,,,,
,,,,,,,,,,,,,,,,,,,,,,,,,,,,,,,,,,,,,,,,,,,,,,product_type_map,boys shirt,title,5,kids,Kids > Boys > Shirt,clothing_alpha,kids,,shirt,,,,
,,,,,,,,,,,,,,,,,,,,,,,,,,,,,,,,,,,,,,,,,,,,,,product_type_map,kids tee,title,5,kids,Kids > Tops > T-Shirt,clothing_alpha,kids,,t-shirt,,,,
,,,,,,,,,,,,,,,,,,,,,,,,,,,,,,,,,,,,,,,,,,,,,,product_type_map,kids,any,5,kids,Kids > Clothing > Casual,clothing_alpha,kids,,shirt,,,,Default kids
,,,,,,,,,,,,,,,,,,,,,,,,,,,,,,,,,,,,,,,,,,,,,,product_type_map,boys,any,5,kids,Kids > Boys > Clothing,clothing_alpha,kids,,shirt,,,,
,,,,,,,,,,,,,,,,,,,,,,,,,,,,,,,,,,,,,,,,,,,,,,product_type_map,girls,any,5,kids,Kids > Girls > Clothing,clothing_alpha,kids,,shirt,,,,
,,,,,,,,,,,,,,,,,,,,,,,,,,,,,,,,,,,,,,,,,,,,,,product_type_map,toddler,any,5,kids,Kids > Toddler > Clothing,clothing_alpha,kids,,shirt,,,,
,,,,,,,,,,,,,,,,,,,,,,,,,,,,,,,,,,,,,,,,,,,,,,product_type_map,baby,any,5,kids,Kids > Baby > Clothing,clothing_alpha,kids,,shirt,,,,
,,,,,,,,,,,,,,,,,,,,,,,,,,,,,,,,,,,,,,,,,,,,,,product_type_map,/kids/,url,3,kids,Kids > Clothing > Casual,clothing_alpha,kids,,shirt,,,,
,,,,,,,,,,,,,,,,,,,,,,,,,,,,,,,,,,,,,,,,,,,,,,product_type_map,/boys/,url,3,kids,Kids > Boys > Clothing,clothing_alpha,kids,,shirt,,,,
,,,,,,,,,,,,,,,,,,,,,,,,,,,,,,,,,,,,,,,,,,,,,,product_type_map,/girls/,url,3,kids,Kids > Girls > Clothing,clothing_alpha,kids,,shirt,,,,
,,,,,,,,,,,,,,,,,,,,,,,,,,,,,,,,,,,,,,,,,,,,,,product_type_map,/shirts/,url,8,men,Men > Shirts > Casual,clothing_alpha,mens-shirts,,shirt,,,,
,,,,,,,,,,,,,,,,,,,,,,,,,,,,,,,,,,,,,,,,,,,,,,product_type_map,/linen/,url,8,men,Men > Shirts > Linen,clothing_alpha,mens-shirts,,shirt,,,,
,,,,,,,,,,,,,,,,,,,,,,,,,,,,,,,,,,,,,,,,,,,,,,product_type_map,/dresses/,url,8,women,Women > Dresses > Casual,clothing_alpha,womens-dresses,,dress,,,,
,,,,,,,,,,,,,,,,,,,,,,,,,,,,,,,,,,,,,,,,,,,,,,product_type_map,/men/,url,3,men,,,,,,,,,Gender hint only
,,,,,,,,,,,,,,,,,,,,,,,,,,,,,,,,,,,,,,,,,,,,,,product_type_map,/women/,url,3,women,,,,,,,,,Gender hint only
,,,,,,,,,,,,,,,,,,,,,,,,,,,,,,,,,,,,,,,,,,,,,,vendor_map,,,,,,,,,,Zara,zara.com,,
,,,,,,,,,,,,,,,,,,,,,,,,,,,,,,,,,,,,,,,,,,,,,,vendor_map,,,,,,,,,,Mango,shop.mango.com,,
,,,,,,,,,,,,,,,,,,,,,,,,,,,,,,,,,,,,,,,,,,,,,,vendor_map,,,,,,,,,,Mango,mango.com,,
,,,,,,,,,,,,,,,,,,,,,,,,,,,,,,,,,,,,,,,,,,,,,,vendor_map,,,,,,,,,,Everlane,everlane.com,,
,,,,,,,,,,,,,,,,,,,,,,,,,,,,,,,,,,,,,,,,,,,,,,vendor_map,,,,,,,,,,Express,express.com,,
,,,,,,,,,,,,,,,,,,,,,,,,,,,,,,,,,,,,,,,,,,,,,,vendor_map,,,,,,,,,,Fashion Nova,fashionnova.com,,
,,,,,,,,,,,,,,,,,,,,,,,,,,,,,,,,,,,,,,,,,,,,,,vendor_map,,,,,,,,,,Macy's,macys.com,,Marketplace — vendor may vary
,,,,,,,,,,,,,,,,,,,,,,,,,,,,,,,,,,,,,,,,,,,,,,vendor_map,,,,,,,,,,Lululemon,shop.lululemon.com,,
,,,,,,,,,,,,,,,,,,,,,,,,,,,,,,,,,,,,,,,,,,,,,,vendor_map,,,,,,,,,,Lululemon,lululemon.com,,
,,,,,,,,,,,,,,,,,,,,,,,,,,,,,,,,,,,,,,,,,,,,,,vendor_map,,,,,,,,,,MATE the Label,matethelabel.com,,
,,,,,,,,,,,,,,,,,,,,,,,,,,,,,,,,,,,,,,,,,,,,,,vendor_map,,,,,,,,,,Universal Standard,universalstandard.com,,
,,,,,,,,,,,,,,,,,,,,,,,,,,,,,,,,,,,,,,,,,,,,,,vendor_map,,,,,,,,,,Dôen,shopdoen.com,,
,,,,,,,,,,,,,,,,,,,,,,,,,,,,,,,,,,,,,,,,,,,,,,vendor_map,,,,,,,,,,Patagonia,patagonia.com,,
,,,,,,,,,,,,,,,,,,,,,,,,,,,,,,,,,,,,,,,,,,,,,,vendor_map,,,,,,,,,,Tecovas,tecovas.com,,
,,,,,,,,,,,,,,,,,,,,,,,,,,,,,,,,,,,,,,,,,,,,,,vendor_map,,,,,,,,,,Black Halo,blackhalo.com,,
,,,,,,,,,,,,,,,,,,,,,,,,,,,,,,,,,,,,,,,,,,,,,,vendor_map,,,,,,,,,,Los Angeles Apparel,losangelesapparel.net,,
,,,,,,,,,,,,,,,,,,,,,,,,,,,,,,,,,,,,,,,,,,,,,,vendor_map,,,,,,,,,,Levi's,levi.com,,
,,,,,,,,,,,,,,,,,,,,,,,,,,,,,,,,,,,,,,,,,,,,,,vendor_map,,,,,,,,,,Ralph Lauren,ralphlauren.com,,
,,,,,,,,,,,,,,,,,,,,,,,,,,,,,,,,,,,,,,,,,,,,,,vendor_map,,,,,,,,,,Calvin Klein,calvinklein.us,,
,,,,,,,,,,,,,,,,,,,,,,,,,,,,,,,,,,,,,,,,,,,,,,vendor_map,,,,,,,,,,Gap,gap.com,,
,,,,,,,,,,,,,,,,,,,,,,,,,,,,,,,,,,,,,,,,,,,,,,vendor_map,,,,,,,,,,Tommy Hilfiger,usa.tommy.com,,
,,,,,,,,,,,,,,,,,,,,,,,,,,,,,,,,,,,,,,,,,,,,,,vendor_map,,,,,,,,,,Tommy Hilfiger,tommy.com,,
,,,,,,,,,,,,,,,,,,,,,,,,,,,,,,,,,,,,,,,,,,,,,,vendor_map,,,,,,,,,,Abercrombie & Fitch,abercrombie.com,,
,,,,,,,,,,,,,,,,,,,,,,,,,,,,,,,,,,,,,,,,,,,,,,vendor_map,,,,,,,,,,Origin,originusa.com,,
,,,,,,,,,,,,,,,,,,,,,,,,,,,,,,,,,,,,,,,,,,,,,,vendor_map,,,,,,,,,,Skims,skims.com,,
