step,action,detail
1,Import sheet-lookup-tables.csv FIRST,Tab name MUST be exactly: LookupTables (no space)
2,File → Import → Insert new sheet,Rename tab to LookupTables
3,Import sheet-master-sheetv1.csv SECOND,Tab name MUST be exactly: Master_Sheetv1
4,Formulas are in row 2 only (columns C–F),MAP formulas auto-fill every row when you paste a URL in column A
5,To remove a product CLEAR column A,Do NOT delete the row — deleting rows removes the MAP formulas in row 2
6,Click Master_Sheetv1 row 2 column C,Should show Mango when URL is in column A
7,Suggested columns C–F are for YOU only,Shopify never sees these names — n8n uses Vendor (G) and Collection (J)
8,If Suggested Collection shows mens-shirts,n8n adds product to that Shopify collection on PASS
9,LookupTables tab is never deleted,Only add new keyword rows at the bottom
